Name,ID,Build Cost,Date From,Date To
N1_Augmentation 1,N1,3063.485043,1/07/2024 0:00,1/07/2025 0:00
N1_Augmentation 1,N1,3099.907421,1/07/2025 0:00,1/07/2026 0:00
N1_Augmentation 1,N1,3118.429905,1/07/2026 0:00,1/07/2027 0:00
N1_Augmentation 1,N1,3140.280457,1/07/2027 0:00,1/07/2028 0:00
N1_Augmentation 1,N1,3160.603069,1/07/2028 0:00,1/07/2029 0:00
N1_Augmentation 1,N1,3179.83053,1/07/2029 0:00,1/07/2030 0:00
N1_Augmentation 1,N1,3205.560739,1/07/2030 0:00,1/07/2031 0:00
N1_Augmentation 1,N1,3210.831031,1/07/2031 0:00,1/07/2032 0:00
N1_Augmentation 1,N1,3216.198025,1/07/2032 0:00,1/07/2033 0:00
N1_Augmentation 1,N1,3221.661722,1/07/2033 0:00,1/07/2034 0:00
N1_Augmentation 1,N1,3227.222122,1/07/2034 0:00,1/07/2035 0:00
N1_Augmentation 1,N1,3232.855049,1/07/2035 0:00,1/07/2036 0:00
N1_Augmentation 1,N1,3238.608854,1/07/2036 0:00,1/07/2037 0:00
N1_Augmentation 1,N1,3244.459361,1/07/2037 0:00,1/07/2038 0:00
N1_Augmentation 1,N1,3250.406571,1/07/2038 0:00,1/07/2039 0:00
N1_Augmentation 1,N1,3256.450484,1/07/2039 0:00,1/07/2040 0:00
N1_Augmentation 1,N1,3262.42187,1/07/2040 0:00,1/07/2041 0:00
N1_Augmentation 1,N1,3268.417431,1/07/2041 0:00,1/07/2042 0:00
N1_Augmentation 1,N1,3274.412993,1/07/2042 0:00,1/07/2043 0:00
N1_Augmentation 1,N1,3280.384378,1/07/2043 0:00,1/07/2044 0:00
N1_Augmentation 1,N1,3286.37994,1/07/2044 0:00,1/07/2045 0:00
N1_Augmentation 1,N1,3292.375501,1/07/2045 0:00,1/07/2046 0:00
N1_Augmentation 1,N1,3298.371063,1/07/2046 0:00,1/07/2047 0:00
N1_Augmentation 1,N1,3304.366624,1/07/2047 0:00,1/07/2048 0:00
N1_Augmentation 1,N1,3310.362186,1/07/2048 0:00,1/07/2049 0:00
N1_Augmentation 1,N1,3316.357747,1/07/2049 0:00,1/07/2050 0:00
N1_Augmentation 1,N1,3322.353308,1/07/2050 0:00,1/07/2051 0:00
N1_Augmentation 1,N1,3328.34887,1/07/2051 0:00,1/07/2053 0:00
N10_Augmentation 1,N10,620.952027,1/07/2024 0:00,1/07/2025 0:00
N10_Augmentation 1,N10,628.4859831,1/07/2025 0:00,1/07/2026 0:00
N10_Augmentation 1,N10,631.8815064,1/07/2026 0:00,1/07/2027 0:00
N10_Augmentation 1,N10,636.0472608,1/07/2027 0:00,1/07/2028 0:00
N10_Augmentation 1,N10,640.0332574,1/07/2028 0:00,1/07/2029 0:00
N10_Augmentation 1,N10,643.9199399,1/07/2029 0:00,1/07/2030 0:00
N10_Augmentation 1,N10,647.5456515,1/07/2030 0:00,1/07/2031 0:00
N10_Augmentation 1,N10,648.754501,1/07/2031 0:00,1/07/2032 0:00
N10_Augmentation 1,N10,649.9855313,1/07/2032 0:00,1/07/2033 0:00
N10_Augmentation 1,N10,651.2387423,1/07/2033 0:00,1/07/2034 0:00
N10_Augmentation 1,N10,652.5141341,1/07/2034 0:00,1/07/2035 0:00
N10_Augmentation 1,N10,653.8061614,1/07/2035 0:00,1/07/2036 0:00
N10_Augmentation 1,N10,655.1259146,1/07/2036 0:00,1/07/2037 0:00
N10_Augmentation 1,N10,656.4678485,1/07/2037 0:00,1/07/2038 0:00
N10_Augmentation 1,N10,657.8319632,1/07/2038 0:00,1/07/2039 0:00
N10_Augmentation 1,N10,659.2182585,1/07/2039 0:00,1/07/2040 0:00
N10_Augmentation 1,N10,660.5879184,1/07/2040 0:00,1/07/2041 0:00
N10_Augmentation 1,N10,661.9631234,1/07/2041 0:00,1/07/2042 0:00
N10_Augmentation 1,N10,663.3383284,1/07/2042 0:00,1/07/2043 0:00
N10_Augmentation 1,N10,664.7079882,1/07/2043 0:00,1/07/2044 0:00
N10_Augmentation 1,N10,666.0831933,1/07/2044 0:00,1/07/2045 0:00
N10_Augmentation 1,N10,667.4583983,1/07/2045 0:00,1/07/2046 0:00
N10_Augmentation 1,N10,668.8336033,1/07/2046 0:00,1/07/2047 0:00
N10_Augmentation 1,N10,670.2088083,1/07/2047 0:00,1/07/2048 0:00
N10_Augmentation 1,N10,671.5840133,1/07/2048 0:00,1/07/2049 0:00
N10_Augmentation 1,N10,672.9592183,1/07/2049 0:00,1/07/2050 0:00
N10_Augmentation 1,N10,674.3344233,1/07/2050 0:00,1/07/2051 0:00
N10_Augmentation 1,N10,675.7096284,1/07/2051 0:00,1/07/2053 0:00
N11_Augmentation 1,N11,562.9297022,1/07/2024 0:00,1/07/2025 0:00
N11_Augmentation 1,N11,569.8506345,1/07/2025 0:00,1/07/2026 0:00
N11_Augmentation 1,N11,572.8547806,1/07/2026 0:00,1/07/2027 0:00
N11_Augmentation 1,N11,576.6416171,1/07/2027 0:00,1/07/2028 0:00
N11_Augmentation 1,N11,580.266238,1/07/2028 0:00,1/07/2029 0:00
N11_Augmentation 1,N11,583.7968833,1/07/2029 0:00,1/07/2030 0:00
N11_Augmentation 1,N11,587.2974994,1/07/2030 0:00,1/07/2031 0:00
N11_Augmentation 1,N11,588.4504503,1/07/2031 0:00,1/07/2032 0:00
N11_Augmentation 1,N11,589.6245562,1/07/2032 0:00,1/07/2033 0:00
N11_Augmentation 1,N11,590.8198172,1/07/2033 0:00,1/07/2034 0:00
N11_Augmentation 1,N11,592.0362333,1/07/2034 0:00,1/07/2035 0:00
N11_Augmentation 1,N11,593.2685156,1/07/2035 0:00,1/07/2036 0:00
N11_Augmentation 1,N11,594.5272418,1/07/2036 0:00,1/07/2037 0:00
N11_Augmentation 1,N11,595.8071231,1/07/2037 0:00,1/07/2038 0:00
N11_Augmentation 1,N11,597.1081594,1/07/2038 0:00,1/07/2039 0:00
N11_Augmentation 1,N11,598.4303508,1/07/2039 0:00,1/07/2040 0:00
N11_Augmentation 1,N11,599.7366758,1/07/2040 0:00,1/07/2041 0:00
N11_Augmentation 1,N11,601.0482897,1/07/2041 0:00,1/07/2042 0:00
N11_Augmentation 1,N11,602.3599035,1/07/2042 0:00,1/07/2043 0:00
N11_Augmentation 1,N11,603.6662286,1/07/2043 0:00,1/07/2044 0:00
N11_Augmentation 1,N11,604.9778424,1/07/2044 0:00,1/07/2045 0:00
N11_Augmentation 1,N11,606.2894563,1/07/2045 0:00,1/07/2046 0:00
N11_Augmentation 1,N11,607.6010701,1/07/2046 0:00,1/07/2047 0:00
N11_Augmentation 1,N11,608.912684,1/07/2047 0:00,1/07/2048 0:00
N11_Augmentation 1,N11,610.2242978,1/07/2048 0:00,1/07/2049 0:00
N11_Augmentation 1,N11,611.5359116,1/07/2049 0:00,1/07/2050 0:00
N11_Augmentation 1,N11,612.8475255,1/07/2050 0:00,1/07/2051 0:00
N11_Augmentation 1,N11,614.1591393,1/07/2051 0:00,1/07/2053 0:00
N2 Option 1,N2,525.4561895,1/07/2024 0:00,1/07/2025 0:00
N2 Option 1,N2,530.9542564,1/07/2025 0:00,1/07/2026 0:00
N2 Option 1,N2,533.534211,1/07/2026 0:00,1/07/2027 0:00
N2 Option 1,N2,536.8259971,1/07/2027 0:00,1/07/2028 0:00
N2 Option 1,N2,539.9817844,1/07/2028 0:00,1/07/2029 0:00
N2 Option 1,N2,543.0530637,1/07/2029 0:00,1/07/2030 0:00
N2 Option 1,N2,546.3859092,1/07/2030 0:00,1/07/2031 0:00
N2 Option 1,N2,547.0141727,1/07/2031 0:00,1/07/2032 0:00
N2 Option 1,N2,547.6539639,1/07/2032 0:00,1/07/2033 0:00
N2 Option 1,N2,548.3052829,1/07/2033 0:00,1/07/2034 0:00
N2 Option 1,N2,548.9681297,1/07/2034 0:00,1/07/2035 0:00
N2 Option 1,N2,549.6396223,1/07/2035 0:00,1/07/2036 0:00
N2 Option 1,N2,550.3255246,1/07/2036 0:00,1/07/2037 0:00
N2 Option 1,N2,551.0229547,1/07/2037 0:00,1/07/2038 0:00
N2 Option 1,N2,551.7319125,1/07/2038 0:00,1/07/2039 0:00
N2 Option 1,N2,552.4523981,1/07/2039 0:00,1/07/2040 0:00
N2 Option 1,N2,553.1642379,1/07/2040 0:00,1/07/2041 0:00
N2 Option 1,N2,553.8789597,1/07/2041 0:00,1/07/2042 0:00
N2 Option 1,N2,554.5936814,1/07/2042 0:00,1/07/2043 0:00
N2 Option 1,N2,555.3055212,1/07/2043 0:00,1/07/2044 0:00
N2 Option 1,N2,556.0202429,1/07/2044 0:00,1/07/2045 0:00
N2 Option 1,N2,556.7349647,1/07/2045 0:00,1/07/2046 0:00
N2 Option 1,N2,557.4496864,1/07/2046 0:00,1/07/2047 0:00
N2 Option 1,N2,558.1644081,1/07/2047 0:00,1/07/2048 0:00
N2 Option 1,N2,558.8791299,1/07/2048 0:00,1/07/2049 0:00
N2 Option 1,N2,559.5938516,1/07/2049 0:00,1/07/2050 0:00
N2 Option 1,N2,560.3085734,1/07/2050 0:00,1/07/2051 0:00
N2 Option 1,N2,561.0232951,1/07/2051 0:00,1/07/2053 0:00
N2_Augmentation 1,N2,839.8212834,1/07/2024 0:00,1/07/2025 0:00
N2_Augmentation 1,N2,851.4450434,1/07/2025 0:00,1/07/2026 0:00
N2_Augmentation 1,N2,856.5866517,1/07/2026 0:00,1/07/2027 0:00
N2_Augmentation 1,N2,862.7475399,1/07/2027 0:00,1/07/2028 0:00
N2_Augmentation 1,N2,861.2465211,1/07/2028 0:00,1/07/2029 0:00
N2_Augmentation 1,N2,867.0015646,1/07/2029 0:00,1/07/2030 0:00
N2_Augmentation 1,N2,873.3380736,1/07/2030 0:00,1/07/2031 0:00
N2_Augmentation 1,N2,875.4605021,1/07/2031 0:00,1/07/2032 0:00
N2_Augmentation 1,N2,877.6218742,1/07/2032 0:00,1/07/2033 0:00
N2_Augmentation 1,N2,879.82219,1/07/2033 0:00,1/07/2034 0:00
N2_Augmentation 1,N2,882.0614494,1/07/2034 0:00,1/07/2035 0:00
N2_Augmentation 1,N2,884.3299165,1/07/2035 0:00,1/07/2036 0:00
N2_Augmentation 1,N2,886.6470632,1/07/2036 0:00,1/07/2037 0:00
N2_Augmentation 1,N2,889.0031536,1/07/2037 0:00,1/07/2038 0:00
N2_Augmentation 1,N2,891.3981875,1/07/2038 0:00,1/07/2039 0:00
N2_Augmentation 1,N2,893.8321652,1/07/2039 0:00,1/07/2040 0:00
N2_Augmentation 1,N2,896.2369351,1/07/2040 0:00,1/07/2041 0:00
N2_Augmentation 1,N2,898.6514409,1/07/2041 0:00,1/07/2042 0:00
N2_Augmentation 1,N2,901.0659467,1/07/2042 0:00,1/07/2043 0:00
N2_Augmentation 1,N2,903.4707165,1/07/2043 0:00,1/07/2044 0:00
N2_Augmentation 1,N2,905.8852224,1/07/2044 0:00,1/07/2045 0:00
N2_Augmentation 1,N2,908.2997282,1/07/2045 0:00,1/07/2046 0:00
N2_Augmentation 1,N2,910.714234,1/07/2046 0:00,1/07/2047 0:00
N2_Augmentation 1,N2,913.1287398,1/07/2047 0:00,1/07/2048 0:00
N2_Augmentation 1,N2,915.5432456,1/07/2048 0:00,1/07/2049 0:00
N2_Augmentation 1,N2,917.9577514,1/07/2049 0:00,1/07/2050 0:00
N2_Augmentation 1,N2,920.3722572,1/07/2050 0:00,1/07/2051 0:00
N2_Augmentation 1,N2,922.786763,1/07/2051 0:00,1/07/2053 0:00
N3_Augmentation 1,N3,167.5320416,1/07/2024 0:00,1/07/2025 0:00
N3_Augmentation 1,N3,168.6939009,1/07/2025 0:00,1/07/2026 0:00
N3_Augmentation 1,N3,169.0738304,1/07/2026 0:00,1/07/2027 0:00
N3_Augmentation 1,N3,169.7952146,1/07/2027 0:00,1/07/2028 0:00
N3_Augmentation 1,N3,170.5551909,1/07/2028 0:00,1/07/2029 0:00
N3_Augmentation 1,N3,171.3546082,1/07/2029 0:00,1/07/2030 0:00
N3_Augmentation 1,N3,171.3621311,1/07/2030 0:00,1/07/2031 0:00
N3_Augmentation 1,N3,171.3640733,1/07/2031 0:00,1/07/2032 0:00
N3_Augmentation 1,N3,171.3660511,1/07/2032 0:00,1/07/2033 0:00
N3_Augmentation 1,N3,171.3680646,1/07/2033 0:00,1/07/2034 0:00
N3_Augmentation 1,N3,171.3701137,1/07/2034 0:00,1/07/2035 0:00
N3_Augmentation 1,N3,171.3721895,1/07/2035 0:00,1/07/2036 0:00
N3_Augmentation 1,N3,171.3743098,1/07/2036 0:00,1/07/2037 0:00
N3_Augmentation 1,N3,171.3764658,1/07/2037 0:00,1/07/2038 0:00
N3_Augmentation 1,N3,171.3786575,1/07/2038 0:00,1/07/2039 0:00
N3_Augmentation 1,N3,171.3808847,1/07/2039 0:00,1/07/2040 0:00
N3_Augmentation 1,N3,171.3830853,1/07/2040 0:00,1/07/2041 0:00
N3_Augmentation 1,N3,171.3852947,1/07/2041 0:00,1/07/2042 0:00
N3_Augmentation 1,N3,171.3875042,1/07/2042 0:00,1/07/2043 0:00
N3_Augmentation 1,N3,171.3897047,1/07/2043 0:00,1/07/2044 0:00
N3_Augmentation 1,N3,171.3919142,1/07/2044 0:00,1/07/2045 0:00
N3_Augmentation 1,N3,171.3941236,1/07/2045 0:00,1/07/2046 0:00
N3_Augmentation 1,N3,171.3963331,1/07/2046 0:00,1/07/2047 0:00
N3_Augmentation 1,N3,171.3985425,1/07/2047 0:00,1/07/2048 0:00
N3_Augmentation 1,N3,171.400752,1/07/2048 0:00,1/07/2049 0:00
N3_Augmentation 1,N3,171.4029614,1/07/2049 0:00,1/07/2050 0:00
N3_Augmentation 1,N3,171.4051709,1/07/2050 0:00,1/07/2051 0:00
N3_Augmentation 1,N3,171.4073803,1/07/2051 0:00,1/07/2053 0:00
N3_Augmentation 6,N3,570.6718908,1/07/2024 0:00,1/07/2025 0:00
N3_Augmentation 6,N3,577.6073153,1/07/2025 0:00,1/07/2026 0:00
N3_Augmentation 6,N3,581.0545118,1/07/2026 0:00,1/07/2027 0:00
N3_Augmentation 6,N3,585.1364288,1/07/2027 0:00,1/07/2028 0:00
N3_Augmentation 6,N3,589.0883486,1/07/2028 0:00,1/07/2029 0:00
N3_Augmentation 6,N3,592.9296876,1/07/2029 0:00,1/07/2030 0:00
N3_Augmentation 6,N3,598.100548,1/07/2030 0:00,1/07/2031 0:00
N3_Augmentation 6,N3,599.0136916,1/07/2031 0:00,1/07/2032 0:00
N3_Augmentation 6,N3,599.9435901,1/07/2032 0:00,1/07/2033 0:00
N3_Augmentation 6,N3,600.8902436,1/07/2033 0:00,1/07/2034 0:00
N3_Augmentation 6,N3,601.853652,1/07/2034 0:00,1/07/2035 0:00
N3_Augmentation 6,N3,602.8296265,1/07/2035 0:00,1/07/2036 0:00
N3_Augmentation 6,N3,603.8265448,1/07/2036 0:00,1/07/2037 0:00
N3_Augmentation 6,N3,604.8402179,1/07/2037 0:00,1/07/2038 0:00
N3_Augmentation 6,N3,605.870646,1/07/2038 0:00,1/07/2039 0:00
N3_Augmentation 6,N3,606.9178291,1/07/2039 0:00,1/07/2040 0:00
N3_Augmentation 6,N3,607.9524459,1/07/2040 0:00,1/07/2041 0:00
N3_Augmentation 6,N3,608.9912514,1/07/2041 0:00,1/07/2042 0:00
N3_Augmentation 6,N3,610.030057,1/07/2042 0:00,1/07/2043 0:00
N3_Augmentation 6,N3,611.0646738,1/07/2043 0:00,1/07/2044 0:00
N3_Augmentation 6,N3,612.1034794,1/07/2044 0:00,1/07/2045 0:00
N3_Augmentation 6,N3,613.1422849,1/07/2045 0:00,1/07/2046 0:00
N3_Augmentation 6,N3,614.1810905,1/07/2046 0:00,1/07/2047 0:00
N3_Augmentation 6,N3,615.2198961,1/07/2047 0:00,1/07/2048 0:00
N3_Augmentation 6,N3,616.2587016,1/07/2048 0:00,1/07/2049 0:00
N3_Augmentation 6,N3,617.2975072,1/07/2049 0:00,1/07/2050 0:00
N3_Augmentation 6,N3,618.3363127,1/07/2050 0:00,1/07/2051 0:00
N3_Augmentation 6,N3,619.3751183,1/07/2051 0:00,1/07/2053 0:00
N4_Augmentation 1,N4,2892.882408,1/07/2024 0:00,1/07/2025 0:00
N4_Augmentation 1,N4,2927.764846,1/07/2025 0:00,1/07/2026 0:00
N4_Augmentation 1,N4,2944.656259,1/07/2026 0:00,1/07/2027 0:00
N4_Augmentation 1,N4,2961.20106,1/07/2027 0:00,1/07/2028 0:00
N4_Augmentation 1,N4,2978.112587,1/07/2028 0:00,1/07/2029 0:00
N4_Augmentation 1,N4,2996.250214,1/07/2029 0:00,1/07/2030 0:00
N4_Augmentation 1,N4,3016.234466,1/07/2030 0:00,1/07/2031 0:00
N4_Augmentation 1,N4,3019.705587,1/07/2031 0:00,1/07/2032 0:00
N4_Augmentation 1,N4,3023.240398,1/07/2032 0:00,1/07/2033 0:00
N4_Augmentation 1,N4,3026.838899,1/07/2033 0:00,1/07/2034 0:00
N4_Augmentation 1,N4,3030.50109,1/07/2034 0:00,1/07/2035 0:00
N4_Augmentation 1,N4,3034.211049,1/07/2035 0:00,1/07/2036 0:00
N4_Augmentation 1,N4,3038.000621,1/07/2036 0:00,1/07/2037 0:00
N4_Augmentation 1,N4,3041.853884,1/07/2037 0:00,1/07/2038 0:00
N4_Augmentation 1,N4,3045.770836,1/07/2038 0:00,1/07/2039 0:00
N4_Augmentation 1,N4,3049.751479,1/07/2039 0:00,1/07/2040 0:00
N4_Augmentation 1,N4,3053.684354,1/07/2040 0:00,1/07/2041 0:00
N4_Augmentation 1,N4,3057.633152,1/07/2041 0:00,1/07/2042 0:00
N4_Augmentation 1,N4,3061.58195,1/07/2042 0:00,1/07/2043 0:00
N4_Augmentation 1,N4,3065.514825,1/07/2043 0:00,1/07/2044 0:00
N4_Augmentation 1,N4,3069.463622,1/07/2044 0:00,1/07/2045 0:00
N4_Augmentation 1,N4,3073.41242,1/07/2045 0:00,1/07/2046 0:00
N4_Augmentation 1,N4,3077.361218,1/07/2046 0:00,1/07/2047 0:00
N4_Augmentation 1,N4,3081.310015,1/07/2047 0:00,1/07/2048 0:00
N4_Augmentation 1,N4,3085.258813,1/07/2048 0:00,1/07/2049 0:00
N4_Augmentation 1,N4,3089.207611,1/07/2049 0:00,1/07/2050 0:00
N4_Augmentation 1,N4,3093.156409,1/07/2050 0:00,1/07/2051 0:00
N4_Augmentation 1,N4,3097.105206,1/07/2051 0:00,1/07/2053 0:00
N5_Augmentation 1,N5,726.6681129,1/07/2024 0:00,1/07/2025 0:00
N5_Augmentation 1,N5,734.323405,1/07/2025 0:00,1/07/2026 0:00
N5_Augmentation 1,N5,738.0918352,1/07/2026 0:00,1/07/2027 0:00
N5_Augmentation 1,N5,742.7310576,1/07/2027 0:00,1/07/2028 0:00
N5_Augmentation 1,N5,747.0844244,1/07/2028 0:00,1/07/2029 0:00
N5_Augmentation 1,N5,751.2590276,1/07/2029 0:00,1/07/2030 0:00
N5_Augmentation 1,N5,758.8633222,1/07/2030 0:00,1/07/2031 0:00
N5_Augmentation 1,N5,759.807481,1/07/2031 0:00,1/07/2032 0:00
N5_Augmentation 1,N5,760.7689638,1/07/2032 0:00,1/07/2033 0:00
N5_Augmentation 1,N5,761.7477707,1/07/2033 0:00,1/07/2034 0:00
N5_Augmentation 1,N5,762.7439015,1/07/2034 0:00,1/07/2035 0:00
N5_Augmentation 1,N5,763.7530254,1/07/2035 0:00,1/07/2036 0:00
N5_Augmentation 1,N5,764.7838043,1/07/2036 0:00,1/07/2037 0:00
N5_Augmentation 1,N5,765.8319072,1/07/2037 0:00,1/07/2038 0:00
N5_Augmentation 1,N5,766.8973341,1/07/2038 0:00,1/07/2039 0:00
N5_Augmentation 1,N5,767.980085,1/07/2039 0:00,1/07/2040 0:00
N5_Augmentation 1,N5,769.0498429,1/07/2040 0:00,1/07/2041 0:00
N5_Augmentation 1,N5,770.1239319,1/07/2041 0:00,1/07/2042 0:00
N5_Augmentation 1,N5,771.1980208,1/07/2042 0:00,1/07/2043 0:00
N5_Augmentation 1,N5,772.2677787,1/07/2043 0:00,1/07/2044 0:00
N5_Augmentation 1,N5,773.3418676,1/07/2044 0:00,1/07/2045 0:00
N5_Augmentation 1,N5,774.4159566,1/07/2045 0:00,1/07/2046 0:00
N5_Augmentation 1,N5,775.4900455,1/07/2046 0:00,1/07/2047 0:00
N5_Augmentation 1,N5,776.5641344,1/07/2047 0:00,1/07/2048 0:00
N5_Augmentation 1,N5,777.6382233,1/07/2048 0:00,1/07/2049 0:00
N5_Augmentation 1,N5,778.7123123,1/07/2049 0:00,1/07/2050 0:00
N5_Augmentation 1,N5,779.7864012,1/07/2050 0:00,1/07/2051 0:00
N5_Augmentation 1,N5,780.8604901,1/07/2051 0:00,1/07/2053 0:00
N5_Augmentation 7,N5,361.8302105,1/07/2024 0:00,1/07/2025 0:00
N5_Augmentation 7,N5,365.6067509,1/07/2025 0:00,1/07/2026 0:00
N5_Augmentation 7,N5,367.295423,1/07/2026 0:00,1/07/2027 0:00
N5_Augmentation 7,N5,369.4950117,1/07/2027 0:00,1/07/2028 0:00
N5_Augmentation 7,N5,371.5847937,1/07/2028 0:00,1/07/2029 0:00
N5_Augmentation 7,N5,373.6144254,1/07/2029 0:00,1/07/2030 0:00
N5_Augmentation 7,N5,378.0481957,1/07/2030 0:00,1/07/2031 0:00
N5_Augmentation 7,N5,378.5345705,1/07/2031 0:00,1/07/2032 0:00
N5_Augmentation 7,N5,379.0298696,1/07/2032 0:00,1/07/2033 0:00
N5_Augmentation 7,N5,379.534093,1/07/2033 0:00,1/07/2034 0:00
N5_Augmentation 7,N5,380.0472408,1/07/2034 0:00,1/07/2035 0:00
N5_Augmentation 7,N5,380.5670817,1/07/2035 0:00,1/07/2036 0:00
N5_Augmentation 7,N5,381.098078,1/07/2036 0:00,1/07/2037 0:00
N5_Augmentation 7,N5,381.6379987,1/07/2037 0:00,1/07/2038 0:00
N5_Augmentation 7,N5,382.1868436,1/07/2038 0:00,1/07/2039 0:00
N5_Augmentation 7,N5,382.7446129,1/07/2039 0:00,1/07/2040 0:00
N5_Augmentation 7,N5,383.2956889,1/07/2040 0:00,1/07/2041 0:00
N5_Augmentation 7,N5,383.848996,1/07/2041 0:00,1/07/2042 0:00
N5_Augmentation 7,N5,384.4023031,1/07/2042 0:00,1/07/2043 0:00
N5_Augmentation 7,N5,384.9533792,1/07/2043 0:00,1/07/2044 0:00
N5_Augmentation 7,N5,385.5066863,1/07/2044 0:00,1/07/2045 0:00
N5_Augmentation 7,N5,386.0599934,1/07/2045 0:00,1/07/2046 0:00
N5_Augmentation 7,N5,386.6133005,1/07/2046 0:00,1/07/2047 0:00
N5_Augmentation 7,N5,387.1666076,1/07/2047 0:00,1/07/2048 0:00
N5_Augmentation 7,N5,387.7199147,1/07/2048 0:00,1/07/2049 0:00
N5_Augmentation 7,N5,388.2732218,1/07/2049 0:00,1/07/2050 0:00
N5_Augmentation 7,N5,388.8265289,1/07/2050 0:00,1/07/2051 0:00
N5_Augmentation 7,N5,389.379836,1/07/2051 0:00,1/07/2053 0:00
N8_Augmentation 1,N8,1209.830469,1/07/2024 0:00,1/07/2025 0:00
N8_Augmentation 1,N8,1227.844017,1/07/2025 0:00,1/07/2026 0:00
N8_Augmentation 1,N8,1235.963015,1/07/2026 0:00,1/07/2027 0:00
N8_Augmentation 1,N8,1245.439216,1/07/2027 0:00,1/07/2028 0:00
N8_Augmentation 1,N8,1231.62091,1/07/2028 0:00,1/07/2029 0:00
N8_Augmentation 1,N8,1240.083039,1/07/2029 0:00,1/07/2030 0:00
N8_Augmentation 1,N8,1253.423736,1/07/2030 0:00,1/07/2031 0:00
N8_Augmentation 1,N8,1256.935276,1/07/2031 0:00,1/07/2032 0:00
N8_Augmentation 1,N8,1260.511248,1/07/2032 0:00,1/07/2033 0:00
N8_Augmentation 1,N8,1264.151652,1/07/2033 0:00,1/07/2034 0:00
N8_Augmentation 1,N8,1267.856488,1/07/2034 0:00,1/07/2035 0:00
N8_Augmentation 1,N8,1271.609649,1/07/2035 0:00,1/07/2036 0:00
N8_Augmentation 1,N8,1275.443348,1/07/2036 0:00,1/07/2037 0:00
N8_Augmentation 1,N8,1279.34148,1/07/2037 0:00,1/07/2038 0:00
N8_Augmentation 1,N8,1283.304044,1/07/2038 0:00,1/07/2039 0:00
N8_Augmentation 1,N8,1287.33104,1/07/2039 0:00,1/07/2040 0:00
N8_Augmentation 1,N8,1291.309712,1/07/2040 0:00,1/07/2041 0:00
N8_Augmentation 1,N8,1295.304492,1/07/2041 0:00,1/07/2042 0:00
N8_Augmentation 1,N8,1299.299271,1/07/2042 0:00,1/07/2043 0:00
N8_Augmentation 1,N8,1303.277943,1/07/2043 0:00,1/07/2044 0:00
N8_Augmentation 1,N8,1307.272723,1/07/2044 0:00,1/07/2045 0:00
N8_Augmentation 1,N8,1311.267503,1/07/2045 0:00,1/07/2046 0:00
N8_Augmentation 1,N8,1315.262283,1/07/2046 0:00,1/07/2047 0:00
N8_Augmentation 1,N8,1319.257062,1/07/2047 0:00,1/07/2048 0:00
N8_Augmentation 1,N8,1323.251842,1/07/2048 0:00,1/07/2049 0:00
N8_Augmentation 1,N8,1327.246622,1/07/2049 0:00,1/07/2050 0:00
N8_Augmentation 1,N8,1331.241402,1/07/2050 0:00,1/07/2051 0:00
N8_Augmentation 1,N8,1335.236181,1/07/2051 0:00,1/07/2053 0:00
N9 Option 2,N9,261.8608154,1/07/2024 0:00,1/07/2025 0:00
N9 Option 2,N9,263.7309102,1/07/2025 0:00,1/07/2026 0:00
N9 Option 2,N9,264.5118002,1/07/2026 0:00,1/07/2027 0:00
N9 Option 2,N9,265.6900043,1/07/2027 0:00,1/07/2028 0:00
N9 Option 2,N9,266.8945667,1/07/2028 0:00,1/07/2029 0:00
N9 Option 2,N9,268.1454497,1/07/2029 0:00,1/07/2030 0:00
N9 Option 2,N9,268.2408872,1/07/2030 0:00,1/07/2031 0:00
N9 Option 2,N9,268.2591991,1/07/2031 0:00,1/07/2032 0:00
N9 Option 2,N9,268.277847,1/07/2032 0:00,1/07/2033 0:00
N9 Option 2,N9,268.2968309,1/07/2033 0:00,1/07/2034 0:00
N9 Option 2,N9,268.3161509,1/07/2034 0:00,1/07/2035 0:00
N9 Option 2,N9,268.3357228,1/07/2035 0:00,1/07/2036 0:00
N9 Option 2,N9,268.3557147,1/07/2036 0:00,1/07/2037 0:00
N9 Option 2,N9,268.3760426,1/07/2037 0:00,1/07/2038 0:00
N9 Option 2,N9,268.3967065,1/07/2038 0:00,1/07/2039 0:00
N9 Option 2,N9,268.4177064,1/07/2039 0:00,1/07/2040 0:00
N9 Option 2,N9,268.4384543,1/07/2040 0:00,1/07/2041 0:00
N9 Option 2,N9,268.4592863,1/07/2041 0:00,1/07/2042 0:00
N9 Option 2,N9,268.4801182,1/07/2042 0:00,1/07/2043 0:00
N9 Option 2,N9,268.5008661,1/07/2043 0:00,1/07/2044 0:00
N9 Option 2,N9,268.521698,1/07/2044 0:00,1/07/2045 0:00
N9 Option 2,N9,268.5425299,1/07/2045 0:00,1/07/2046 0:00
N9 Option 2,N9,268.5633618,1/07/2046 0:00,1/07/2047 0:00
N9 Option 2,N9,268.5841937,1/07/2047 0:00,1/07/2048 0:00
N9 Option 2,N9,268.6050257,1/07/2048 0:00,1/07/2049 0:00
N9 Option 2,N9,268.6258576,1/07/2049 0:00,1/07/2050 0:00
N9 Option 2,N9,268.6466895,1/07/2050 0:00,1/07/2051 0:00
N9 Option 2,N9,268.6675214,1/07/2051 0:00,1/07/2053 0:00
N9_Augmentation 1,N9,476.4526048,1/07/2024 0:00,1/07/2025 0:00
N9_Augmentation 1,N9,481.6383378,1/07/2025 0:00,1/07/2026 0:00
N9_Augmentation 1,N9,483.9344901,1/07/2026 0:00,1/07/2027 0:00
N9_Augmentation 1,N9,486.9833789,1/07/2027 0:00,1/07/2028 0:00
N9_Augmentation 1,N9,489.8906269,1/07/2028 0:00,1/07/2029 0:00
N9_Augmentation 1,N9,492.7015785,1/07/2029 0:00,1/07/2030 0:00
N9_Augmentation 1,N9,496.1636269,1/07/2030 0:00,1/07/2031 0:00
N9_Augmentation 1,N9,496.8295416,1/07/2031 0:00,1/07/2032 0:00
N9_Augmentation 1,N9,497.507675,1/07/2032 0:00,1/07/2033 0:00
N9_Augmentation 1,N9,498.1980269,1/07/2033 0:00,1/07/2034 0:00
N9_Augmentation 1,N9,498.9005975,1/07/2034 0:00,1/07/2035 0:00
N9_Augmentation 1,N9,499.612332,1/07/2035 0:00,1/07/2036 0:00
N9_Augmentation 1,N9,500.3393398,1/07/2036 0:00,1/07/2037 0:00
N9_Augmentation 1,N9,501.0785662,1/07/2037 0:00,1/07/2038 0:00
N9_Augmentation 1,N9,501.8300113,1/07/2038 0:00,1/07/2039 0:00
N9_Augmentation 1,N9,502.593675,1/07/2039 0:00,1/07/2040 0:00
N9_Augmentation 1,N9,503.3481747,1/07/2040 0:00,1/07/2041 0:00
N9_Augmentation 1,N9,504.105729,1/07/2041 0:00,1/07/2042 0:00
N9_Augmentation 1,N9,504.8632834,1/07/2042 0:00,1/07/2043 0:00
N9_Augmentation 1,N9,505.6177831,1/07/2043 0:00,1/07/2044 0:00
N9_Augmentation 1,N9,506.3753374,1/07/2044 0:00,1/07/2045 0:00
N9_Augmentation 1,N9,507.1328918,1/07/2045 0:00,1/07/2046 0:00
N9_Augmentation 1,N9,507.8904461,1/07/2046 0:00,1/07/2047 0:00
N9_Augmentation 1,N9,508.6480005,1/07/2047 0:00,1/07/2048 0:00
N9_Augmentation 1,N9,509.4055548,1/07/2048 0:00,1/07/2049 0:00
N9_Augmentation 1,N9,510.1631092,1/07/2049 0:00,1/07/2050 0:00
N9_Augmentation 1,N9,510.9206635,1/07/2050 0:00,1/07/2051 0:00
N9_Augmentation 1,N9,511.6782179,1/07/2051 0:00,1/07/2053 0:00
Q1_Augmentation 1,Q1,1469.759319,1/07/2024 0:00,1/07/2025 0:00
Q1_Augmentation 1,Q1,1488.188034,1/07/2025 0:00,1/07/2026 0:00
Q1_Augmentation 1,Q1,1499.259316,1/07/2026 0:00,1/07/2027 0:00
Q1_Augmentation 1,Q1,1511.78913,1/07/2027 0:00,1/07/2028 0:00
Q1_Augmentation 1,Q1,1523.203223,1/07/2028 0:00,1/07/2029 0:00
Q1_Augmentation 1,Q1,1533.604772,1/07/2029 0:00,1/07/2030 0:00
Q1_Augmentation 1,Q1,1540.201454,1/07/2030 0:00,1/07/2031 0:00
Q1_Augmentation 1,Q1,1543.188903,1/07/2031 0:00,1/07/2032 0:00
Q1_Augmentation 1,Q1,1545.957315,1/07/2032 0:00,1/07/2033 0:00
Q1_Augmentation 1,Q1,1548.763608,1/07/2033 0:00,1/07/2034 0:00
Q1_Augmentation 1,Q1,1551.628162,1/07/2034 0:00,1/07/2035 0:00
Q1_Augmentation 1,Q1,1554.541652,1/07/2035 0:00,1/07/2036 0:00
Q1_Augmentation 1,Q1,1557.526788,1/07/2036 0:00,1/07/2037 0:00
Q1_Augmentation 1,Q1,1560.574617,1/07/2037 0:00,1/07/2038 0:00
Q1_Augmentation 1,Q1,1563.684985,1/07/2038 0:00,1/07/2039 0:00
Q1_Augmentation 1,Q1,1566.858492,1/07/2039 0:00,1/07/2040 0:00
Q1_Augmentation 1,Q1,1570.014612,1/07/2040 0:00,1/07/2041 0:00
Q1_Augmentation 1,Q1,1573.192307,1/07/2041 0:00,1/07/2042 0:00
Q1_Augmentation 1,Q1,1576.383688,1/07/2042 0:00,1/07/2043 0:00
Q1_Augmentation 1,Q1,1579.57642,1/07/2043 0:00,1/07/2044 0:00
Q1_Augmentation 1,Q1,1582.792657,1/07/2044 0:00,1/07/2045 0:00
Q1_Augmentation 1,Q1,1586.023029,1/07/2045 0:00,1/07/2046 0:00
Q1_Augmentation 1,Q1,1589.26669,1/07/2046 0:00,1/07/2047 0:00
Q1_Augmentation 1,Q1,1592.523625,1/07/2047 0:00,1/07/2048 0:00
Q1_Augmentation 1,Q1,1595.793908,1/07/2048 0:00,1/07/2049 0:00
Q1_Augmentation 1,Q1,1599.077619,1/07/2049 0:00,1/07/2050 0:00
Q1_Augmentation 1,Q1,1602.37484,1/07/2050 0:00,1/07/2051 0:00
Q1_Augmentation 1,Q1,1605.685655,1/07/2051 0:00,1/07/2053 0:00
Q2_Augmentation 1,Q2,447.8216493,1/07/2024 0:00,1/07/2025 0:00
Q2_Augmentation 1,Q2,452.4893972,1/07/2025 0:00,1/07/2026 0:00
Q2_Augmentation 1,Q2,455.2605017,1/07/2026 0:00,1/07/2027 0:00
Q2_Augmentation 1,Q2,458.5215269,1/07/2027 0:00,1/07/2028 0:00
Q2_Augmentation 1,Q2,461.4046716,1/07/2028 0:00,1/07/2029 0:00
Q2_Augmentation 1,Q2,463.9908095,1/07/2029 0:00,1/07/2030 0:00
Q2_Augmentation 1,Q2,465.2351903,1/07/2030 0:00,1/07/2031 0:00
Q2_Augmentation 1,Q2,465.6901686,1/07/2031 0:00,1/07/2032 0:00
Q2_Augmentation 1,Q2,466.1534951,1/07/2032 0:00,1/07/2033 0:00
Q2_Augmentation 1,Q2,466.6251698,1/07/2033 0:00,1/07/2034 0:00
Q2_Augmentation 1,Q2,467.1051927,1/07/2034 0:00,1/07/2035 0:00
Q2_Augmentation 1,Q2,467.5914768,1/07/2035 0:00,1/07/2036 0:00
Q2_Augmentation 1,Q2,468.0881962,1/07/2036 0:00,1/07/2037 0:00
Q2_Augmentation 1,Q2,468.5932638,1/07/2037 0:00,1/07/2038 0:00
Q2_Augmentation 1,Q2,469.1066797,1/07/2038 0:00,1/07/2039 0:00
Q2_Augmentation 1,Q2,469.6284437,1/07/2039 0:00,1/07/2040 0:00
Q2_Augmentation 1,Q2,470.1439466,1/07/2040 0:00,1/07/2041 0:00
Q2_Augmentation 1,Q2,470.6615366,1/07/2041 0:00,1/07/2042 0:00
Q2_Augmentation 1,Q2,471.1791265,1/07/2042 0:00,1/07/2043 0:00
Q2_Augmentation 1,Q2,471.6946294,1/07/2043 0:00,1/07/2044 0:00
Q2_Augmentation 1,Q2,472.2122194,1/07/2044 0:00,1/07/2045 0:00
Q2_Augmentation 1,Q2,472.7298093,1/07/2045 0:00,1/07/2046 0:00
Q2_Augmentation 1,Q2,473.2473993,1/07/2046 0:00,1/07/2047 0:00
Q2_Augmentation 1,Q2,473.7649892,1/07/2047 0:00,1/07/2048 0:00
Q2_Augmentation 1,Q2,474.2825792,1/07/2048 0:00,1/07/2049 0:00
Q2_Augmentation 1,Q2,474.8001691,1/07/2049 0:00,1/07/2050 0:00
Q2_Augmentation 1,Q2,475.3177591,1/07/2050 0:00,1/07/2051 0:00
Q2_Augmentation 1,Q2,475.835349,1/07/2051 0:00,1/07/2053 0:00
Q5_Augmentation 1,Q5,939.1038406,1/07/2024 0:00,1/07/2025 0:00
Q5_Augmentation 1,Q5,944.930727,1/07/2025 0:00,1/07/2026 0:00
Q5_Augmentation 1,Q5,949.2380984,1/07/2026 0:00,1/07/2027 0:00
Q5_Augmentation 1,Q5,954.8413497,1/07/2027 0:00,1/07/2028 0:00
Q5_Augmentation 1,Q5,959.5513627,1/07/2028 0:00,1/07/2029 0:00
Q5_Augmentation 1,Q5,963.5649411,1/07/2029 0:00,1/07/2030 0:00
Q5_Augmentation 1,Q5,964.1477704,1/07/2030 0:00,1/07/2031 0:00
Q5_Augmentation 1,Q5,963.6571753,1/07/2031 0:00,1/07/2032 0:00
Q5_Augmentation 1,Q5,963.1575785,1/07/2032 0:00,1/07/2033 0:00
Q5_Augmentation 1,Q5,962.6489799,1/07/2033 0:00,1/07/2034 0:00
Q5_Augmentation 1,Q5,962.1313796,1/07/2034 0:00,1/07/2035 0:00
Q5_Augmentation 1,Q5,961.607028,1/07/2035 0:00,1/07/2036 0:00
Q5_Augmentation 1,Q5,961.0714242,1/07/2036 0:00,1/07/2037 0:00
Q5_Augmentation 1,Q5,960.5268187,1/07/2037 0:00,1/07/2038 0:00
Q5_Augmentation 1,Q5,959.9732114,1/07/2038 0:00,1/07/2039 0:00
Q5_Augmentation 1,Q5,959.4106024,1/07/2039 0:00,1/07/2040 0:00
Q5_Augmentation 1,Q5,958.8547447,1/07/2040 0:00,1/07/2041 0:00
Q5_Augmentation 1,Q5,958.2966365,1/07/2041 0:00,1/07/2042 0:00
Q5_Augmentation 1,Q5,957.7385284,1/07/2042 0:00,1/07/2043 0:00
Q5_Augmentation 1,Q5,957.1826707,1/07/2043 0:00,1/07/2044 0:00
Q5_Augmentation 1,Q5,956.6245625,1/07/2044 0:00,1/07/2045 0:00
Q5_Augmentation 1,Q5,956.0664544,1/07/2045 0:00,1/07/2046 0:00
Q5_Augmentation 1,Q5,955.5083462,1/07/2046 0:00,1/07/2047 0:00
Q5_Augmentation 1,Q5,954.9502381,1/07/2047 0:00,1/07/2048 0:00
Q5_Augmentation 1,Q5,954.3921299,1/07/2048 0:00,1/07/2049 0:00
Q5_Augmentation 1,Q5,953.8340218,1/07/2049 0:00,1/07/2050 0:00
Q5_Augmentation 1,Q5,953.2759136,1/07/2050 0:00,1/07/2051 0:00
Q5_Augmentation 1,Q5,952.7178055,1/07/2051 0:00,1/07/2053 0:00
Q9_Augmentation 1,Q9,0.001,1/07/2024 0:00,1/07/2025 0:00
Q9_Augmentation 1,Q9,0.001,1/07/2025 0:00,1/07/2026 0:00
Q9_Augmentation 1,Q9,0.001,1/07/2026 0:00,1/07/2027 0:00
Q9_Augmentation 1,Q9,0.001,1/07/2027 0:00,1/07/2028 0:00
Q9_Augmentation 1,Q9,0.001,1/07/2028 0:00,1/07/2029 0:00
Q9_Augmentation 1,Q9,0.001,1/07/2029 0:00,1/07/2030 0:00
Q9_Augmentation 1,Q9,0.001,1/07/2030 0:00,1/07/2031 0:00
Q9_Augmentation 1,Q9,0.001,1/07/2031 0:00,1/07/2032 0:00
Q9_Augmentation 1,Q9,0.001,1/07/2032 0:00,1/07/2033 0:00
Q9_Augmentation 1,Q9,0.001,1/07/2033 0:00,1/07/2034 0:00
Q9_Augmentation 1,Q9,0.001,1/07/2034 0:00,1/07/2035 0:00
Q9_Augmentation 1,Q9,0.001,1/07/2035 0:00,1/07/2036 0:00
Q9_Augmentation 1,Q9,0.001,1/07/2036 0:00,1/07/2037 0:00
Q9_Augmentation 1,Q9,0.001,1/07/2037 0:00,1/07/2038 0:00
Q9_Augmentation 1,Q9,0.001,1/07/2038 0:00,1/07/2039 0:00
Q9_Augmentation 1,Q9,0.001,1/07/2039 0:00,1/07/2040 0:00
Q9_Augmentation 1,Q9,0.001,1/07/2040 0:00,1/07/2041 0:00
Q9_Augmentation 1,Q9,0.001,1/07/2041 0:00,1/07/2042 0:00
Q9_Augmentation 1,Q9,0.001,1/07/2042 0:00,1/07/2043 0:00
Q9_Augmentation 1,Q9,0.001,1/07/2043 0:00,1/07/2044 0:00
Q9_Augmentation 1,Q9,0.001,1/07/2044 0:00,1/07/2045 0:00
Q9_Augmentation 1,Q9,0.001,1/07/2045 0:00,1/07/2046 0:00
Q9_Augmentation 1,Q9,0.001,1/07/2046 0:00,1/07/2047 0:00
Q9_Augmentation 1,Q9,0.001,1/07/2047 0:00,1/07/2048 0:00
Q9_Augmentation 1,Q9,0.001,1/07/2048 0:00,1/07/2049 0:00
Q9_Augmentation 1,Q9,0.001,1/07/2049 0:00,1/07/2050 0:00
Q9_Augmentation 1,Q9,0.001,1/07/2050 0:00,1/07/2051 0:00
Q9_Augmentation 1,Q9,0.001,1/07/2051 0:00,1/07/2053 0:00
S2_Augmentation 1,S2,287.4615495,1/07/2024 0:00,1/07/2025 0:00
S2_Augmentation 1,S2,289.4530589,1/07/2025 0:00,1/07/2026 0:00
S2_Augmentation 1,S2,290.1556518,1/07/2026 0:00,1/07/2027 0:00
S2_Augmentation 1,S2,291.3970788,1/07/2027 0:00,1/07/2028 0:00
S2_Augmentation 1,S2,292.6776709,1/07/2028 0:00,1/07/2029 0:00
S2_Augmentation 1,S2,294.0126049,1/07/2029 0:00,1/07/2030 0:00
S2_Augmentation 1,S2,294.0422019,1/07/2030 0:00,1/07/2031 0:00
S2_Augmentation 1,S2,294.0608382,1/07/2031 0:00,1/07/2032 0:00
S2_Augmentation 1,S2,294.0798163,1/07/2032 0:00,1/07/2033 0:00
S2_Augmentation 1,S2,294.0991365,1/07/2033 0:00,1/07/2034 0:00
S2_Augmentation 1,S2,294.1187986,1/07/2034 0:00,1/07/2035 0:00
S2_Augmentation 1,S2,294.1387171,1/07/2035 0:00,1/07/2036 0:00
S2_Augmentation 1,S2,294.1590631,1/07/2036 0:00,1/07/2037 0:00
S2_Augmentation 1,S2,294.1797511,1/07/2037 0:00,1/07/2038 0:00
S2_Augmentation 1,S2,294.200781,1/07/2038 0:00,1/07/2039 0:00
S2_Augmentation 1,S2,294.2221528,1/07/2039 0:00,1/07/2040 0:00
S2_Augmentation 1,S2,294.2432682,1/07/2040 0:00,1/07/2041 0:00
S2_Augmentation 1,S2,294.264469,1/07/2041 0:00,1/07/2042 0:00
S2_Augmentation 1,S2,294.2856699,1/07/2042 0:00,1/07/2043 0:00
S2_Augmentation 1,S2,294.3067853,1/07/2043 0:00,1/07/2044 0:00
S2_Augmentation 1,S2,294.3279861,1/07/2044 0:00,1/07/2045 0:00
S2_Augmentation 1,S2,294.349187,1/07/2045 0:00,1/07/2046 0:00
S2_Augmentation 1,S2,294.3703879,1/07/2046 0:00,1/07/2047 0:00
S2_Augmentation 1,S2,294.3915887,1/07/2047 0:00,1/07/2048 0:00
S2_Augmentation 1,S2,294.4127896,1/07/2048 0:00,1/07/2049 0:00
S2_Augmentation 1,S2,294.4339905,1/07/2049 0:00,1/07/2050 0:00
S2_Augmentation 1,S2,294.4551913,1/07/2050 0:00,1/07/2051 0:00
S2_Augmentation 1,S2,294.4763922,1/07/2051 0:00,1/07/2053 0:00
S4_Augmentation 1,S4,1458.886715,1/07/2024 0:00,1/07/2025 0:00
S4_Augmentation 1,S4,1483.26796,1/07/2025 0:00,1/07/2026 0:00
S4_Augmentation 1,S4,1494.1157,1/07/2026 0:00,1/07/2027 0:00
S4_Augmentation 1,S4,1506.332692,1/07/2027 0:00,1/07/2028 0:00
S4_Augmentation 1,S4,1517.988129,1/07/2028 0:00,1/07/2029 0:00
S4_Augmentation 1,S4,1529.302299,1/07/2029 0:00,1/07/2030 0:00
S4_Augmentation 1,S4,1538.139533,1/07/2030 0:00,1/07/2031 0:00
S4_Augmentation 1,S4,1543.362781,1/07/2031 0:00,1/07/2032 0:00
S4_Augmentation 1,S4,1548.681868,1/07/2032 0:00,1/07/2033 0:00
S4_Augmentation 1,S4,1554.096795,1/07/2033 0:00,1/07/2034 0:00
S4_Augmentation 1,S4,1559.607561,1/07/2034 0:00,1/07/2035 0:00
S4_Augmentation 1,S4,1565.190207,1/07/2035 0:00,1/07/2036 0:00
S4_Augmentation 1,S4,1570.892652,1/07/2036 0:00,1/07/2037 0:00
S4_Augmentation 1,S4,1576.690936,1/07/2037 0:00,1/07/2038 0:00
S4_Augmentation 1,S4,1582.58506,1/07/2038 0:00,1/07/2039 0:00
S4_Augmentation 1,S4,1588.575023,1/07/2039 0:00,1/07/2040 0:00
S4_Augmentation 1,S4,1594.493106,1/07/2040 0:00,1/07/2041 0:00
S4_Augmentation 1,S4,1600.43515,1/07/2041 0:00,1/07/2042 0:00
S4_Augmentation 1,S4,1606.377193,1/07/2042 0:00,1/07/2043 0:00
S4_Augmentation 1,S4,1612.295277,1/07/2043 0:00,1/07/2044 0:00
S4_Augmentation 1,S4,1618.23732,1/07/2044 0:00,1/07/2045 0:00
S4_Augmentation 1,S4,1624.179364,1/07/2045 0:00,1/07/2046 0:00
S4_Augmentation 1,S4,1630.121407,1/07/2046 0:00,1/07/2047 0:00
S4_Augmentation 1,S4,1636.063451,1/07/2047 0:00,1/07/2048 0:00
S4_Augmentation 1,S4,1642.005494,1/07/2048 0:00,1/07/2049 0:00
S4_Augmentation 1,S4,1647.947537,1/07/2049 0:00,1/07/2050 0:00
S4_Augmentation 1,S4,1653.889581,1/07/2050 0:00,1/07/2051 0:00
S4_Augmentation 1,S4,1659.831624,1/07/2051 0:00,1/07/2053 0:00
S6_Augmentation 1,S6,1293.690237,1/07/2024 0:00,1/07/2025 0:00
S6_Augmentation 1,S6,1305.059494,1/07/2025 0:00,1/07/2026 0:00
S6_Augmentation 1,S6,1312.215702,1/07/2026 0:00,1/07/2027 0:00
S6_Augmentation 1,S6,1320.821588,1/07/2027 0:00,1/07/2028 0:00
S6_Augmentation 1,S6,1328.446424,1/07/2028 0:00,1/07/2029 0:00
S6_Augmentation 1,S6,1335.312087,1/07/2029 0:00,1/07/2030 0:00
S6_Augmentation 1,S6,1338.137387,1/07/2030 0:00,1/07/2031 0:00
S6_Augmentation 1,S6,1338.599132,1/07/2031 0:00,1/07/2032 0:00
S6_Augmentation 1,S6,1339.06935,1/07/2032 0:00,1/07/2033 0:00
S6_Augmentation 1,S6,1339.54804,1/07/2033 0:00,1/07/2034 0:00
S6_Augmentation 1,S6,1340.035203,1/07/2034 0:00,1/07/2035 0:00
S6_Augmentation 1,S6,1340.52872,1/07/2035 0:00,1/07/2036 0:00
S6_Augmentation 1,S6,1341.032827,1/07/2036 0:00,1/07/2037 0:00
S6_Augmentation 1,S6,1341.545407,1/07/2037 0:00,1/07/2038 0:00
S6_Augmentation 1,S6,1342.066459,1/07/2038 0:00,1/07/2039 0:00
S6_Augmentation 1,S6,1342.595984,1/07/2039 0:00,1/07/2040 0:00
S6_Augmentation 1,S6,1343.119154,1/07/2040 0:00,1/07/2041 0:00
S6_Augmentation 1,S6,1343.644442,1/07/2041 0:00,1/07/2042 0:00
S6_Augmentation 1,S6,1344.169731,1/07/2042 0:00,1/07/2043 0:00
S6_Augmentation 1,S6,1344.692901,1/07/2043 0:00,1/07/2044 0:00
S6_Augmentation 1,S6,1345.218189,1/07/2044 0:00,1/07/2045 0:00
S6_Augmentation 1,S6,1345.743478,1/07/2045 0:00,1/07/2046 0:00
S6_Augmentation 1,S6,1346.268766,1/07/2046 0:00,1/07/2047 0:00
S6_Augmentation 1,S6,1346.794055,1/07/2047 0:00,1/07/2048 0:00
S6_Augmentation 1,S6,1347.319343,1/07/2048 0:00,1/07/2049 0:00
S6_Augmentation 1,S6,1347.844631,1/07/2049 0:00,1/07/2050 0:00
S6_Augmentation 1,S6,1348.36992,1/07/2050 0:00,1/07/2051 0:00
S6_Augmentation 1,S6,1348.895208,1/07/2051 0:00,1/07/2053 0:00
S7_Augmentation 1,S7,585.3480832,1/07/2024 0:00,1/07/2025 0:00
S7_Augmentation 1,S7,588.8959945,1/07/2025 0:00,1/07/2026 0:00
S7_Augmentation 1,S7,591.5568143,1/07/2026 0:00,1/07/2027 0:00
S7_Augmentation 1,S7,594.9246436,1/07/2027 0:00,1/07/2028 0:00
S7_Augmentation 1,S7,597.8856898,1/07/2028 0:00,1/07/2029 0:00
S7_Augmentation 1,S7,600.5314738,1/07/2029 0:00,1/07/2030 0:00
S7_Augmentation 1,S7,600.936751,1/07/2030 0:00,1/07/2031 0:00
S7_Augmentation 1,S7,600.4976758,1/07/2031 0:00,1/07/2032 0:00
S7_Augmentation 1,S7,600.0505442,1/07/2032 0:00,1/07/2033 0:00
S7_Augmentation 1,S7,599.5953562,1/07/2033 0:00,1/07/2034 0:00
S7_Augmentation 1,S7,599.1321118,1/07/2034 0:00,1/07/2035 0:00
S7_Augmentation 1,S7,598.662825,1/07/2035 0:00,1/07/2036 0:00
S7_Augmentation 1,S7,598.1834677,1/07/2036 0:00,1/07/2037 0:00
S7_Augmentation 1,S7,597.696054,1/07/2037 0:00,1/07/2038 0:00
S7_Augmentation 1,S7,597.2005839,1/07/2038 0:00,1/07/2039 0:00
S7_Augmentation 1,S7,596.6970573,1/07/2039 0:00,1/07/2040 0:00
S7_Augmentation 1,S7,596.1995731,1/07/2040 0:00,1/07/2041 0:00
S7_Augmentation 1,S7,595.7000747,1/07/2041 0:00,1/07/2042 0:00
S7_Augmentation 1,S7,595.2005764,1/07/2042 0:00,1/07/2043 0:00
S7_Augmentation 1,S7,594.7030921,1/07/2043 0:00,1/07/2044 0:00
S7_Augmentation 1,S7,594.2035938,1/07/2044 0:00,1/07/2045 0:00
S7_Augmentation 1,S7,593.7040955,1/07/2045 0:00,1/07/2046 0:00
S7_Augmentation 1,S7,593.2045971,1/07/2046 0:00,1/07/2047 0:00
S7_Augmentation 1,S7,592.7050988,1/07/2047 0:00,1/07/2048 0:00
S7_Augmentation 1,S7,592.2056004,1/07/2048 0:00,1/07/2049 0:00
S7_Augmentation 1,S7,591.7061021,1/07/2049 0:00,1/07/2050 0:00
S7_Augmentation 1,S7,591.2066037,1/07/2050 0:00,1/07/2051 0:00
S7_Augmentation 1,S7,590.7071054,1/07/2051 0:00,1/07/2053 0:00
S8_Augmentation 1,S8,347.3250433,1/07/2024 0:00,1/07/2025 0:00
S8_Augmentation 1,S8,349.9648941,1/07/2025 0:00,1/07/2026 0:00
S8_Augmentation 1,S8,351.0927783,1/07/2026 0:00,1/07/2027 0:00
S8_Augmentation 1,S8,352.7541462,1/07/2027 0:00,1/07/2028 0:00
S8_Augmentation 1,S8,354.5323345,1/07/2028 0:00,1/07/2029 0:00
S8_Augmentation 1,S8,356.4089949,1/07/2029 0:00,1/07/2030 0:00
S8_Augmentation 1,S8,356.4198411,1/07/2030 0:00,1/07/2031 0:00
S8_Augmentation 1,S8,356.423713,1/07/2031 0:00,1/07/2032 0:00
S8_Augmentation 1,S8,356.4276559,1/07/2032 0:00,1/07/2033 0:00
S8_Augmentation 1,S8,356.4316699,1/07/2033 0:00,1/07/2034 0:00
S8_Augmentation 1,S8,356.4357548,1/07/2034 0:00,1/07/2035 0:00
S8_Augmentation 1,S8,356.4398931,1/07/2035 0:00,1/07/2036 0:00
S8_Augmentation 1,S8,356.4441202,1/07/2036 0:00,1/07/2037 0:00
S8_Augmentation 1,S8,356.4484183,1/07/2037 0:00,1/07/2038 0:00
S8_Augmentation 1,S8,356.4527875,1/07/2038 0:00,1/07/2039 0:00
S8_Augmentation 1,S8,356.4572277,1/07/2039 0:00,1/07/2040 0:00
S8_Augmentation 1,S8,356.4616146,1/07/2040 0:00,1/07/2041 0:00
S8_Augmentation 1,S8,356.4660193,1/07/2041 0:00,1/07/2042 0:00
S8_Augmentation 1,S8,356.470424,1/07/2042 0:00,1/07/2043 0:00
S8_Augmentation 1,S8,356.4748109,1/07/2043 0:00,1/07/2044 0:00
S8_Augmentation 1,S8,356.4792156,1/07/2044 0:00,1/07/2045 0:00
S8_Augmentation 1,S8,356.4836203,1/07/2045 0:00,1/07/2046 0:00
S8_Augmentation 1,S8,356.488025,1/07/2046 0:00,1/07/2047 0:00
S8_Augmentation 1,S8,356.4924297,1/07/2047 0:00,1/07/2048 0:00
S8_Augmentation 1,S8,356.4968344,1/07/2048 0:00,1/07/2049 0:00
S8_Augmentation 1,S8,356.5012391,1/07/2049 0:00,1/07/2050 0:00
S8_Augmentation 1,S8,356.5056438,1/07/2050 0:00,1/07/2051 0:00
S8_Augmentation 1,S8,356.5100485,1/07/2051 0:00,1/07/2053 0:00
S9_Augmentation 1,S9,1075.60707,1/07/2024 0:00,1/07/2025 0:00
S9_Augmentation 1,S9,1086.344521,1/07/2025 0:00,1/07/2026 0:00
S9_Augmentation 1,S9,1092.233355,1/07/2026 0:00,1/07/2027 0:00
S9_Augmentation 1,S9,1099.471873,1/07/2027 0:00,1/07/2028 0:00
S9_Augmentation 1,S9,1105.990356,1/07/2028 0:00,1/07/2029 0:00
S9_Augmentation 1,S9,1111.972307,1/07/2029 0:00,1/07/2030 0:00
S9_Augmentation 1,S9,1115.001244,1/07/2030 0:00,1/07/2031 0:00
S9_Augmentation 1,S9,1116.042637,1/07/2031 0:00,1/07/2032 0:00
S9_Augmentation 1,S9,1117.103138,1/07/2032 0:00,1/07/2033 0:00
S9_Augmentation 1,S9,1118.182747,1/07/2033 0:00,1/07/2034 0:00
S9_Augmentation 1,S9,1119.281464,1/07/2034 0:00,1/07/2035 0:00
S9_Augmentation 1,S9,1120.394513,1/07/2035 0:00,1/07/2036 0:00
S9_Augmentation 1,S9,1121.531446,1/07/2036 0:00,1/07/2037 0:00
S9_Augmentation 1,S9,1122.687488,1/07/2037 0:00,1/07/2038 0:00
S9_Augmentation 1,S9,1123.862638,1/07/2038 0:00,1/07/2039 0:00
S9_Augmentation 1,S9,1125.056896,1/07/2039 0:00,1/07/2040 0:00
S9_Augmentation 1,S9,1126.236823,1/07/2040 0:00,1/07/2041 0:00
S9_Augmentation 1,S9,1127.421527,1/07/2041 0:00,1/07/2042 0:00
S9_Augmentation 1,S9,1128.606231,1/07/2042 0:00,1/07/2043 0:00
S9_Augmentation 1,S9,1129.786158,1/07/2043 0:00,1/07/2044 0:00
S9_Augmentation 1,S9,1130.970862,1/07/2044 0:00,1/07/2045 0:00
S9_Augmentation 1,S9,1132.155565,1/07/2045 0:00,1/07/2046 0:00
S9_Augmentation 1,S9,1133.340269,1/07/2046 0:00,1/07/2047 0:00
S9_Augmentation 1,S9,1134.524973,1/07/2047 0:00,1/07/2048 0:00
S9_Augmentation 1,S9,1135.709677,1/07/2048 0:00,1/07/2049 0:00
S9_Augmentation 1,S9,1136.894381,1/07/2049 0:00,1/07/2050 0:00
S9_Augmentation 1,S9,1138.079085,1/07/2050 0:00,1/07/2051 0:00
S9_Augmentation 1,S9,1139.263789,1/07/2051 0:00,1/07/2053 0:00
T1_Augmentation 1,T1,523.2032095,1/07/2024 0:00,1/07/2025 0:00
T1_Augmentation 1,T1,531.5580976,1/07/2025 0:00,1/07/2026 0:00
T1_Augmentation 1,T1,535.4783804,1/07/2026 0:00,1/07/2027 0:00
T1_Augmentation 1,T1,539.9185025,1/07/2027 0:00,1/07/2028 0:00
T1_Augmentation 1,T1,544.1309793,1/07/2028 0:00,1/07/2029 0:00
T1_Augmentation 1,T1,548.1640408,1/07/2029 0:00,1/07/2030 0:00
T1_Augmentation 1,T1,551.0487721,1/07/2030 0:00,1/07/2031 0:00
T1_Augmentation 1,T1,552.7123936,1/07/2031 0:00,1/07/2032 0:00
T1_Augmentation 1,T1,554.4065402,1/07/2032 0:00,1/07/2033 0:00
T1_Augmentation 1,T1,556.131212,1/07/2033 0:00,1/07/2034 0:00
T1_Augmentation 1,T1,557.886409,1/07/2034 0:00,1/07/2035 0:00
T1_Augmentation 1,T1,559.6644998,1/07/2035 0:00,1/07/2036 0:00
T1_Augmentation 1,T1,561.4807471,1/07/2036 0:00,1/07/2037 0:00
T1_Augmentation 1,T1,563.3275195,1/07/2037 0:00,1/07/2038 0:00
T1_Augmentation 1,T1,565.2048171,1/07/2038 0:00,1/07/2039 0:00
T1_Augmentation 1,T1,567.1126399,1/07/2039 0:00,1/07/2040 0:00
T1_Augmentation 1,T1,568.9975688,1/07/2040 0:00,1/07/2041 0:00
T1_Augmentation 1,T1,570.890129,1/07/2041 0:00,1/07/2042 0:00
T1_Augmentation 1,T1,572.7826892,1/07/2042 0:00,1/07/2043 0:00
T1_Augmentation 1,T1,574.6676181,1/07/2043 0:00,1/07/2044 0:00
T1_Augmentation 1,T1,576.5601783,1/07/2044 0:00,1/07/2045 0:00
T1_Augmentation 1,T1,578.4527385,1/07/2045 0:00,1/07/2046 0:00
T1_Augmentation 1,T1,580.3452987,1/07/2046 0:00,1/07/2047 0:00
T1_Augmentation 1,T1,582.2378589,1/07/2047 0:00,1/07/2048 0:00
T1_Augmentation 1,T1,584.1304191,1/07/2048 0:00,1/07/2049 0:00
T1_Augmentation 1,T1,586.0229793,1/07/2049 0:00,1/07/2050 0:00
T1_Augmentation 1,T1,587.9155395,1/07/2050 0:00,1/07/2051 0:00
T1_Augmentation 1,T1,589.8080997,1/07/2051 0:00,1/07/2053 0:00
T2_Augmentation 1,T2,399.0275427,1/07/2024 0:00,1/07/2025 0:00
T2_Augmentation 1,T2,405.5155589,1/07/2025 0:00,1/07/2026 0:00
T2_Augmentation 1,T2,408.4293019,1/07/2026 0:00,1/07/2027 0:00
T2_Augmentation 1,T2,411.7739518,1/07/2027 0:00,1/07/2028 0:00
T2_Augmentation 1,T2,415.0171912,1/07/2028 0:00,1/07/2029 0:00
T2_Augmentation 1,T2,418.1777892,1/07/2029 0:00,1/07/2030 0:00
T2_Augmentation 1,T2,420.2951139,1/07/2030 0:00,1/07/2031 0:00
T2_Augmentation 1,T2,421.5941495,1/07/2031 0:00,1/07/2032 0:00
T2_Augmentation 1,T2,422.9170206,1/07/2032 0:00,1/07/2033 0:00
T2_Augmentation 1,T2,424.2637272,1/07/2033 0:00,1/07/2034 0:00
T2_Augmentation 1,T2,425.6342693,1/07/2034 0:00,1/07/2035 0:00
T2_Augmentation 1,T2,427.022688,1/07/2035 0:00,1/07/2036 0:00
T2_Augmentation 1,T2,428.4409011,1/07/2036 0:00,1/07/2037 0:00
T2_Augmentation 1,T2,429.8829498,1/07/2037 0:00,1/07/2038 0:00
T2_Augmentation 1,T2,431.348834,1/07/2038 0:00,1/07/2039 0:00
T2_Augmentation 1,T2,432.8385536,1/07/2039 0:00,1/07/2040 0:00
T2_Augmentation 1,T2,434.3103967,1/07/2040 0:00,1/07/2041 0:00
T2_Augmentation 1,T2,435.7881986,1/07/2041 0:00,1/07/2042 0:00
T2_Augmentation 1,T2,437.2660005,1/07/2042 0:00,1/07/2043 0:00
T2_Augmentation 1,T2,438.7378436,1/07/2043 0:00,1/07/2044 0:00
T2_Augmentation 1,T2,440.2156455,1/07/2044 0:00,1/07/2045 0:00
T2_Augmentation 1,T2,441.6934474,1/07/2045 0:00,1/07/2046 0:00
T2_Augmentation 1,T2,443.1712494,1/07/2046 0:00,1/07/2047 0:00
T2_Augmentation 1,T2,444.6490513,1/07/2047 0:00,1/07/2048 0:00
T2_Augmentation 1,T2,446.1268532,1/07/2048 0:00,1/07/2049 0:00
T2_Augmentation 1,T2,447.6046551,1/07/2049 0:00,1/07/2050 0:00
T2_Augmentation 1,T2,449.0824571,1/07/2050 0:00,1/07/2051 0:00
T2_Augmentation 1,T2,450.560259,1/07/2051 0:00,1/07/2053 0:00
T3 Option 1,T3,648.3130848,1/07/2024 0:00,1/07/2025 0:00
T3 Option 1,T3,653.5332417,1/07/2025 0:00,1/07/2026 0:00
T3 Option 1,T3,656.7575166,1/07/2026 0:00,1/07/2027 0:00
T3 Option 1,T3,660.7138387,1/07/2027 0:00,1/07/2028 0:00
T3 Option 1,T3,664.312531,1/07/2028 0:00,1/07/2029 0:00
T3 Option 1,T3,667.6103501,1/07/2029 0:00,1/07/2030 0:00
T3 Option 1,T3,308.0228674,1/07/2030 0:00,1/07/2031 0:00
T3 Option 1,T3,308.0228674,1/07/2031 0:00,1/07/2032 0:00
T3 Option 1,T3,308.0228674,1/07/2032 0:00,1/07/2033 0:00
T3 Option 1,T3,308.0228674,1/07/2033 0:00,1/07/2034 0:00
T3 Option 1,T3,308.0228674,1/07/2034 0:00,1/07/2035 0:00
T3 Option 1,T3,308.0228674,1/07/2035 0:00,1/07/2036 0:00
T3 Option 1,T3,308.0228674,1/07/2036 0:00,1/07/2037 0:00
T3 Option 1,T3,308.0228674,1/07/2037 0:00,1/07/2038 0:00
T3 Option 1,T3,308.0228674,1/07/2038 0:00,1/07/2039 0:00
T3 Option 1,T3,308.0228674,1/07/2039 0:00,1/07/2040 0:00
T3 Option 1,T3,308.0228674,1/07/2040 0:00,1/07/2041 0:00
T3 Option 1,T3,308.0228674,1/07/2041 0:00,1/07/2042 0:00
T3 Option 1,T3,308.0228674,1/07/2042 0:00,1/07/2043 0:00
T3 Option 1,T3,308.0228674,1/07/2043 0:00,1/07/2044 0:00
T3 Option 1,T3,308.0228674,1/07/2044 0:00,1/07/2045 0:00
T3 Option 1,T3,308.0228674,1/07/2045 0:00,1/07/2046 0:00
T3 Option 1,T3,308.0228674,1/07/2046 0:00,1/07/2047 0:00
T3 Option 1,T3,308.0228674,1/07/2047 0:00,1/07/2048 0:00
T3 Option 1,T3,308.0228674,1/07/2048 0:00,1/07/2049 0:00
T3 Option 1,T3,308.0228674,1/07/2049 0:00,1/07/2050 0:00
T3 Option 1,T3,308.0228674,1/07/2050 0:00,1/07/2051 0:00
T3 Option 1,T3,308.0228674,1/07/2051 0:00,1/07/2053 0:00
T3_Augmentation 1,T3,422.6252561,1/07/2024 0:00,1/07/2025 0:00
T3_Augmentation 1,T3,428.3660963,1/07/2025 0:00,1/07/2026 0:00
T3_Augmentation 1,T3,431.3169851,1/07/2026 0:00,1/07/2027 0:00
T3_Augmentation 1,T3,434.6609585,1/07/2027 0:00,1/07/2028 0:00
T3_Augmentation 1,T3,437.7558675,1/07/2028 0:00,1/07/2029 0:00
T3_Augmentation 1,T3,440.6662201,1/07/2029 0:00,1/07/2030 0:00
T3_Augmentation 1,T3,442.6457207,1/07/2030 0:00,1/07/2031 0:00
T3_Augmentation 1,T3,443.5603271,1/07/2031 0:00,1/07/2032 0:00
T3_Augmentation 1,T3,444.4917152,1/07/2032 0:00,1/07/2033 0:00
T3_Augmentation 1,T3,445.4398851,1/07/2033 0:00,1/07/2034 0:00
T3_Augmentation 1,T3,446.4048367,1/07/2034 0:00,1/07/2035 0:00
T3_Augmentation 1,T3,447.3823747,1/07/2035 0:00,1/07/2036 0:00
T3_Augmentation 1,T3,448.3808899,1/07/2036 0:00,1/07/2037 0:00
T3_Augmentation 1,T3,449.3961868,1/07/2037 0:00,1/07/2038 0:00
T3_Augmentation 1,T3,450.4282655,1/07/2038 0:00,1/07/2039 0:00
T3_Augmentation 1,T3,451.477126,1/07/2039 0:00,1/07/2040 0:00
T3_Augmentation 1,T3,452.5134002,1/07/2040 0:00,1/07/2041 0:00
T3_Augmentation 1,T3,453.5538698,1/07/2041 0:00,1/07/2042 0:00
T3_Augmentation 1,T3,454.5943394,1/07/2042 0:00,1/07/2043 0:00
T3_Augmentation 1,T3,455.6306135,1/07/2043 0:00,1/07/2044 0:00
T3_Augmentation 1,T3,456.6710831,1/07/2044 0:00,1/07/2045 0:00
T3_Augmentation 1,T3,457.7115527,1/07/2045 0:00,1/07/2046 0:00
T3_Augmentation 1,T3,458.7520223,1/07/2046 0:00,1/07/2047 0:00
T3_Augmentation 1,T3,459.7924919,1/07/2047 0:00,1/07/2048 0:00
T3_Augmentation 1,T3,460.8329615,1/07/2048 0:00,1/07/2049 0:00
T3_Augmentation 1,T3,461.8734311,1/07/2049 0:00,1/07/2050 0:00
T3_Augmentation 1,T3,462.9139007,1/07/2050 0:00,1/07/2051 0:00
T3_Augmentation 1,T3,463.9543703,1/07/2051 0:00,1/07/2053 0:00
V2_Augmentation 1,V2,1185.941301,1/07/2024 0:00,1/07/2025 0:00
V2_Augmentation 1,V2,1201.243786,1/07/2025 0:00,1/07/2026 0:00
V2_Augmentation 1,V2,1209.304232,1/07/2026 0:00,1/07/2027 0:00
V2_Augmentation 1,V2,1218.357213,1/07/2027 0:00,1/07/2028 0:00
V2_Augmentation 1,V2,1226.792794,1/07/2028 0:00,1/07/2029 0:00
V2_Augmentation 1,V2,1234.780561,1/07/2029 0:00,1/07/2030 0:00
V2_Augmentation 1,V2,1243.176461,1/07/2030 0:00,1/07/2031 0:00
V2_Augmentation 1,V2,1245.451882,1/07/2031 0:00,1/07/2032 0:00
V2_Augmentation 1,V2,1247.769053,1/07/2032 0:00,1/07/2033 0:00
V2_Augmentation 1,V2,1250.127974,1/07/2033 0:00,1/07/2034 0:00
V2_Augmentation 1,V2,1252.528647,1/07/2034 0:00,1/07/2035 0:00
V2_Augmentation 1,V2,1254.960633,1/07/2035 0:00,1/07/2036 0:00
V2_Augmentation 1,V2,1257.444807,1/07/2036 0:00,1/07/2037 0:00
V2_Augmentation 1,V2,1259.970732,1/07/2037 0:00,1/07/2038 0:00
V2_Augmentation 1,V2,1262.538408,1/07/2038 0:00,1/07/2039 0:00
V2_Augmentation 1,V2,1265.147835,1/07/2039 0:00,1/07/2040 0:00
V2_Augmentation 1,V2,1267.725949,1/07/2040 0:00,1/07/2041 0:00
V2_Augmentation 1,V2,1270.3145,1/07/2041 0:00,1/07/2042 0:00
V2_Augmentation 1,V2,1272.903052,1/07/2042 0:00,1/07/2043 0:00
V2_Augmentation 1,V2,1275.481165,1/07/2043 0:00,1/07/2044 0:00
V2_Augmentation 1,V2,1278.069717,1/07/2044 0:00,1/07/2045 0:00
V2_Augmentation 1,V2,1280.658268,1/07/2045 0:00,1/07/2046 0:00
V2_Augmentation 1,V2,1283.246819,1/07/2046 0:00,1/07/2047 0:00
V2_Augmentation 1,V2,1285.835371,1/07/2047 0:00,1/07/2048 0:00
V2_Augmentation 1,V2,1288.423922,1/07/2048 0:00,1/07/2049 0:00
V2_Augmentation 1,V2,1291.012474,1/07/2049 0:00,1/07/2050 0:00
V2_Augmentation 1,V2,1293.601025,1/07/2050 0:00,1/07/2051 0:00
V2_Augmentation 1,V2,1296.189576,1/07/2051 0:00,1/07/2053 0:00
V6_Augmentation 1,V6,2323.064533,1/07/2024 0:00,1/07/2025 0:00
V6_Augmentation 1,V6,2359.803369,1/07/2025 0:00,1/07/2026 0:00
V6_Augmentation 1,V6,2377.425376,1/07/2026 0:00,1/07/2027 0:00
V6_Augmentation 1,V6,2396.729387,1/07/2027 0:00,1/07/2028 0:00
V6_Augmentation 1,V6,2415.155812,1/07/2028 0:00,1/07/2029 0:00
V6_Augmentation 1,V6,2433.000076,1/07/2029 0:00,1/07/2030 0:00
V6_Augmentation 1,V6,2451.847244,1/07/2030 0:00,1/07/2031 0:00
V6_Augmentation 1,V6,2459.082896,1/07/2031 0:00,1/07/2032 0:00
V6_Augmentation 1,V6,2466.451313,1/07/2032 0:00,1/07/2033 0:00
V6_Augmentation 1,V6,2473.952494,1/07/2033 0:00,1/07/2034 0:00
V6_Augmentation 1,V6,2481.58644,1/07/2034 0:00,1/07/2035 0:00
V6_Augmentation 1,V6,2489.319958,1/07/2035 0:00,1/07/2036 0:00
V6_Augmentation 1,V6,2497.219432,1/07/2036 0:00,1/07/2037 0:00
V6_Augmentation 1,V6,2505.25167,1/07/2037 0:00,1/07/2038 0:00
V6_Augmentation 1,V6,2513.416673,1/07/2038 0:00,1/07/2039 0:00
V6_Augmentation 1,V6,2521.714439,1/07/2039 0:00,1/07/2040 0:00
V6_Augmentation 1,V6,2529.912633,1/07/2040 0:00,1/07/2041 0:00
V6_Augmentation 1,V6,2538.144017,1/07/2041 0:00,1/07/2042 0:00
V6_Augmentation 1,V6,2546.375402,1/07/2042 0:00,1/07/2043 0:00
V6_Augmentation 1,V6,2554.573595,1/07/2043 0:00,1/07/2044 0:00
V6_Augmentation 1,V6,2562.80498,1/07/2044 0:00,1/07/2045 0:00
V6_Augmentation 1,V6,2571.036364,1/07/2045 0:00,1/07/2046 0:00
V6_Augmentation 1,V6,2579.267749,1/07/2046 0:00,1/07/2047 0:00
V6_Augmentation 1,V6,2587.499133,1/07/2047 0:00,1/07/2048 0:00
V6_Augmentation 1,V6,2595.730518,1/07/2048 0:00,1/07/2049 0:00
V6_Augmentation 1,V6,2603.961902,1/07/2049 0:00,1/07/2050 0:00
V6_Augmentation 1,V6,2612.193287,1/07/2050 0:00,1/07/2051 0:00
V6_Augmentation 1,V6,2620.424671,1/07/2051 0:00,1/07/2053 0:00
