Technology type,Cost scenario,Candidate REZ,Sub-region,Cost zone,Locational cost factor,2024-25,2025-26,2026-27,2027-28,2028-29,2029-30,2030-31,2031-32,2032-33,2033-34,2034-35,2035-36,2036-37,2037-38,2038-39,2039-40,2040-41,2041-42,2042-43,2043-44,2044-45,2045-46,2046-47,2047-48,2048-49,2049-50,2050-51,2051-52,2052-53,2053-54
OCGT (small GT),Step Change,,NQ,NQ,108.0%,2668,2668,2668,2604,2474,2280,2086,1892,1765,1704,1711,1716,1723,1728,1735,1741,1748,1752,1756,1761,1765,1769,1773,1778,1782,1785,1790,1794,1797,1800 
OCGT (small GT),Step Change,,CQ,CQ,110.4%,2726,2726,2726,2661,2529,2330,2131,1934,1803,1742,1748,1754,1760,1766,1773,1779,1786,1790,1795,1799,1803,1808,1812,1817,1821,1824,1829,1833,1837,1840 
OCGT (small GT),Step Change,,GG,GG,107.2%,2647,2647,2647,2584,2455,2262,2069,1877,1751,1691,1697,1703,1709,1714,1721,1727,1734,1738,1742,1747,1751,1755,1760,1764,1768,1771,1776,1780,1783,1786 
OCGT (small GT),Step Change,,SQ,SQ,100.0%,2470,2470,2470,2411,2291,2111,1931,1752,1634,1578,1584,1589,1595,1600,1606,1612,1618,1622,1626,1630,1634,1638,1642,1646,1650,1653,1657,1661,1664,1667 
OCGT (small GT),Step Change,,NNSW,NNSW,106.1%,2620,2620,2620,2557,2430,2239,2048,1858,1733,1674,1680,1685,1692,1697,1703,1710,1716,1720,1725,1729,1733,1737,1742,1746,1750,1753,1758,1762,1765,1768 
OCGT (small GT),Step Change,,CNSW,CNSW,103.6%,2559,2559,2559,2498,2374,2187,2001,1815,1693,1635,1641,1646,1652,1658,1664,1670,1676,1680,1685,1689,1693,1697,1701,1705,1709,1713,1717,1721,1724,1727 
OCGT (small GT),Step Change,,SNSW,SNSW,100.7%,2486,2486,2486,2427,2306,2125,1944,1764,1645,1589,1595,1600,1606,1611,1617,1623,1629,1633,1637,1641,1645,1649,1653,1657,1661,1664,1668,1672,1675,1678 
OCGT (small GT),Step Change,,SNW,SNW,100.0%,2470,2470,2470,2411,2291,2111,1931,1752,1634,1578,1584,1589,1595,1600,1606,1612,1618,1622,1626,1630,1634,1638,1642,1646,1650,1653,1657,1661,1664,1667 
OCGT (small GT),Step Change,,WNV,WNV,100.0%,2470,2470,2470,2411,2291,2111,1931,1752,1634,1578,1584,1589,1595,1600,1606,1612,1618,1622,1626,1630,1634,1638,1642,1646,1650,1653,1657,1661,1664,1667 
OCGT (small GT),Step Change,,MEL,MEL,100.0%,2470,2470,2470,2411,2291,2111,1931,1752,1634,1578,1584,1589,1595,1600,1606,1612,1618,1622,1626,1630,1634,1638,1642,1646,1650,1653,1657,1661,1664,1667 
OCGT (small GT),Step Change,,SEV,SEV,100.3%,2478,2478,2478,2418,2298,2118,1937,1757,1639,1583,1589,1594,1600,1605,1611,1617,1623,1627,1631,1635,1639,1643,1647,1651,1655,1658,1662,1666,1669,1672 
OCGT (small GT),Step Change,,NSA,NSA,104.4%,2578,2578,2578,2516,2391,2203,2015,1829,1705,1647,1653,1658,1665,1670,1676,1682,1689,1693,1697,1701,1705,1710,1714,1718,1722,1725,1729,1734,1737,1740 
OCGT (small GT),Step Change,,CSA,CSA,100.0%,2470,2470,2470,2411,2291,2111,1931,1752,1634,1578,1584,1589,1595,1600,1606,1612,1618,1622,1626,1630,1634,1638,1642,1646,1650,1653,1657,1661,1664,1667 
OCGT (small GT),Step Change,,SESA,SESA,109.9%,2714,2714,2714,2649,2517,2319,2121,1925,1795,1734,1740,1746,1752,1758,1764,1771,1778,1782,1786,1791,1795,1800,1804,1808,1813,1816,1820,1825,1828,1831 
OCGT (small GT),Step Change,,TAS,TAS,100.0%,2470,2470,2470,2411,2291,2111,1931,1752,1634,1578,1584,1589,1595,1600,1606,1612,1618,1622,1626,1630,1634,1638,1642,1646,1650,1653,1657,1661,1664,1667
OCGT (large GT),Step Change,,NQ,NQ,108.0%,1440,1434,1430,1425,1420,1415,1411,1405,1401,1396,1391,1386,1380,1376,1371,1366,1362,1357,1352,1348,1343,1338,1334,1329,1324,1319,1315,1315,1305,1305 
OCGT (large GT),Step Change,,CQ,CQ,110.5%,1473,1468,1463,1458,1453,1448,1443,1438,1433,1428,1424,1418,1412,1408,1403,1398,1394,1388,1384,1379,1374,1369,1365,1359,1355,1349,1345,1345,1335,1335 
OCGT (large GT),Step Change,,GG,GG,107.3%,1430,1425,1421,1415,1411,1405,1401,1396,1392,1386,1382,1377,1371,1367,1362,1357,1353,1348,1343,1339,1334,1329,1325,1320,1315,1310,1306,1306,1296,1296 
OCGT (large GT),Step Change,,SQ,SQ,100.0%,1333,1328,1324,1319,1315,1310,1306,1301,1297,1292,1288,1283,1278,1274,1269,1265,1261,1256,1252,1248,1243,1239,1235,1230,1226,1221,1217,1217,1208,1208 
OCGT (large GT),Step Change,,NNSW,NNSW,106.2%,1415,1410,1406,1400,1396,1391,1386,1381,1377,1372,1367,1362,1357,1352,1347,1343,1339,1333,1329,1325,1320,1315,1311,1306,1302,1296,1292,1292,1282,1282 
OCGT (large GT),Step Change,,CNSW,CNSW,103.7%,1382,1377,1373,1368,1364,1359,1354,1349,1345,1340,1336,1331,1325,1321,1316,1312,1308,1303,1298,1294,1289,1285,1281,1276,1271,1266,1262,1262,1253,1253 
OCGT (large GT),Step Change,,SNSW,SNSW,100.7%,1342,1337,1333,1328,1324,1319,1315,1310,1306,1301,1297,1292,1287,1283,1278,1274,1269,1264,1260,1256,1251,1247,1243,1238,1234,1229,1225,1225,1216,1216 
OCGT (large GT),Step Change,,SNW,SNW,100.0%,1333,1328,1324,1319,1315,1310,1306,1301,1297,1292,1288,1283,1278,1274,1269,1265,1261,1256,1252,1248,1243,1239,1235,1230,1226,1221,1217,1217,1208,1208 
OCGT (large GT),Step Change,,WNV,WNV,100.0%,1333,1328,1324,1319,1315,1310,1306,1301,1297,1292,1288,1283,1278,1274,1269,1265,1261,1256,1252,1248,1243,1239,1235,1230,1226,1221,1217,1217,1208,1208 
OCGT (large GT),Step Change,,MEL,MEL,100.0%,1333,1328,1324,1319,1315,1310,1306,1301,1297,1292,1288,1283,1278,1274,1269,1265,1261,1256,1252,1248,1243,1239,1235,1230,1226,1221,1217,1217,1208,1208 
OCGT (large GT),Step Change,,SEV,SEV,100.3%,1337,1332,1328,1323,1319,1314,1310,1305,1301,1296,1292,1287,1282,1278,1273,1269,1265,1260,1256,1252,1247,1243,1239,1234,1230,1225,1221,1221,1212,1212 
OCGT (large GT),Step Change,,NSA,NSA,104.7%,1395,1390,1386,1381,1376,1371,1367,1362,1358,1352,1348,1343,1338,1334,1328,1324,1320,1315,1310,1306,1301,1297,1293,1287,1283,1278,1274,1274,1264,1264 
OCGT (large GT),Step Change,,CSA,CSA,100.0%,1333,1328,1324,1319,1315,1310,1306,1301,1297,1292,1288,1283,1278,1274,1269,1265,1261,1256,1252,1248,1243,1239,1235,1230,1226,1221,1217,1217,1208,1208 
OCGT (large GT),Step Change,,SESA,SESA,110.0%,1467,1461,1457,1451,1447,1441,1437,1431,1427,1421,1417,1412,1406,1402,1396,1392,1387,1382,1377,1373,1368,1363,1359,1353,1349,1343,1339,1339,1329,1329 
OCGT (large GT),Step Change,,TAS,TAS,100.0%,1333,1328,1324,1319,1315,1310,1306,1301,1297,1292,1288,1283,1278,1274,1269,1265,1261,1256,1252,1248,1243,1239,1235,1230,1226,1221,1217,1217,1208,1208
CCGT,Step Change,,NQ,NQ,108.0%,2699,2699,2699,2657,2570,2441,2311,2183,2097,2060,2067,2075,2081,2089,2096,2105,2111,2118,2122,2128,2132,2137,2143,2148,2152,2158,2164,2169,2173,2176 
CCGT,Step Change,,CQ,CQ,110.2%,2754,2754,2754,2711,2623,2491,2359,2227,2140,2102,2109,2117,2124,2132,2139,2148,2155,2161,2166,2171,2176,2181,2187,2192,2197,2202,2209,2213,2217,2221 
CCGT,Step Change,,GG,GG,107.0%,2674,2674,2674,2633,2547,2419,2290,2163,2078,2041,2048,2056,2062,2070,2077,2086,2092,2099,2103,2108,2113,2118,2123,2129,2133,2138,2145,2149,2153,2156 
CCGT,Step Change,,SQ,SQ,100.0%,2499,2499,2499,2460,2380,2260,2140,2021,1942,1907,1914,1921,1927,1934,1941,1949,1955,1961,1965,1970,1974,1979,1984,1989,1993,1998,2004,2008,2012,2015 
CCGT,Step Change,,NNSW,NNSW,106.0%,2648,2648,2648,2607,2522,2395,2268,2142,2058,2021,2028,2036,2042,2050,2057,2065,2072,2078,2082,2088,2092,2097,2103,2108,2112,2117,2124,2128,2132,2135 
CCGT,Step Change,,CNSW,CNSW,103.5%,2586,2586,2586,2546,2463,2339,2215,2092,2010,1974,1981,1988,1994,2002,2009,2017,2023,2029,2034,2039,2043,2048,2053,2058,2063,2068,2074,2078,2082,2085 
CCGT,Step Change,,SNSW,SNSW,100.7%,2515,2515,2515,2476,2396,2275,2154,2034,1955,1920,1927,1934,1940,1947,1954,1962,1968,1974,1978,1983,1987,1992,1997,2002,2006,2011,2017,2021,2025,2028 
CCGT,Step Change,,SNW,SNW,100.0%,2499,2499,2499,2460,2380,2260,2140,2021,1942,1907,1914,1921,1927,1934,1941,1949,1955,1961,1965,1970,1974,1979,1984,1989,1993,1998,2004,2008,2012,2015 
CCGT,Step Change,,WNV,WNV,100.0%,2499,2499,2499,2460,2380,2260,2140,2021,1942,1907,1914,1921,1927,1934,1941,1949,1955,1961,1965,1970,1974,1979,1984,1989,1993,1998,2004,2008,2012,2015 
CCGT,Step Change,,MEL,MEL,100.0%,2499,2499,2499,2460,2380,2260,2140,2021,1942,1907,1914,1921,1927,1934,1941,1949,1955,1961,1965,1970,1974,1979,1984,1989,1993,1998,2004,2008,2012,2015 
CCGT,Step Change,,SEV,SEV,100.3%,2507,2507,2507,2468,2388,2267,2147,2027,1948,1913,1920,1927,1933,1940,1947,1955,1961,1967,1971,1976,1980,1985,1990,1995,1999,2004,2010,2014,2018,2021 
CCGT,Step Change,,NSA,NSA,104.1%,2600,2600,2600,2560,2476,2352,2227,2103,2021,1984,1992,1999,2005,2012,2020,2028,2034,2040,2045,2050,2054,2059,2064,2070,2074,2079,2085,2089,2094,2097 
CCGT,Step Change,,CSA,CSA,100.0%,2499,2499,2499,2460,2380,2260,2140,2021,1942,1907,1914,1921,1927,1934,1941,1949,1955,1961,1965,1970,1974,1979,1984,1989,1993,1998,2004,2008,2012,2015 
CCGT,Step Change,,SESA,SESA,109.7%,2742,2742,2742,2699,2611,2479,2348,2217,2130,2092,2100,2107,2114,2122,2129,2138,2145,2151,2156,2161,2166,2171,2177,2182,2186,2192,2198,2203,2207,2211 
CCGT,Step Change,,TAS,TAS,100.0%,2499,2499,2499,2460,2380,2260,2140,2021,1942,1907,1914,1921,1927,1934,1941,1949,1955,1961,1965,1970,1974,1979,1984,1989,1993,1998,2004,2008,2012,2015 
CCGT with CCS,Step Change,,NQ,NQ,105.5%,6233,6233,6233,6155,6002,5771,5540,5309,5158,5090,5102,5109,5115,5121,5135,5126,5101,5075,5069,5077,5045,5011,4977,4983,4991,5000,5006,5011,5015,5010 
CCGT with CCS,Step Change,,CQ,CQ,105.9%,6257,6257,6257,6179,6025,5793,5561,5329,5178,5110,5122,5129,5134,5141,5155,5146,5121,5094,5089,5096,5064,5031,4997,5002,5010,5019,5025,5031,5035,5030 
CCGT with CCS,Step Change,,GG,GG,103.1%,6090,6090,6090,6014,5864,5639,5413,5187,5040,4974,4985,4992,4998,5004,5017,5009,4984,4958,4953,4960,4929,4896,4864,4869,4877,4885,4891,4896,4901,4895 
CCGT with CCS,Step Change,,SQ,SQ,100.0%,5908,5908,5908,5834,5689,5470,5251,5032,4889,4825,4836,4843,4848,4854,4867,4859,4835,4810,4805,4812,4782,4750,4718,4723,4731,4739,4745,4750,4754,4749 
CCGT with CCS,Step Change,,NNSW,NNSW,103.8%,6133,6133,6133,6056,5905,5678,5451,5223,5075,5009,5020,5027,5032,5039,5052,5044,5019,4993,4988,4995,4964,4931,4897,4903,4911,4919,4925,4931,4935,4930 
CCGT with CCS,Step Change,,CNSW,CNSW,101.9%,6019,6019,6019,5944,5796,5573,5350,5127,4981,4916,4927,4934,4939,4945,4959,4951,4926,4901,4896,4903,4872,4839,4807,4812,4820,4828,4834,4839,4844,4838 
CCGT with CCS,Step Change,,SNSW,SNSW,100.9%,5959,5959,5959,5885,5739,5518,5297,5076,4932,4867,4878,4885,4890,4896,4909,4901,4877,4852,4847,4854,4824,4791,4759,4764,4772,4780,4786,4791,4795,4790 
CCGT with CCS,Step Change,,SNW,SNW,100.0%,5908,5908,5908,5834,5689,5470,5251,5032,4889,4825,4836,4843,4848,4854,4867,4859,4835,4810,4805,4812,4782,4750,4718,4723,4731,4739,4745,4750,4754,4749 
CCGT with CCS,Step Change,,WNV,WNV,100.0%,5908,5908,5908,5834,5689,5470,5251,5032,4889,4825,4836,4843,4848,4854,4867,4859,4835,4810,4805,4812,4782,4750,4718,4723,4731,4739,4745,4750,4754,4749 
CCGT with CCS,Step Change,,MEL,MEL,100.0%,5908,5908,5908,5834,5689,5470,5251,5032,4889,4825,4836,4843,4848,4854,4867,4859,4835,4810,4805,4812,4782,4750,4718,4723,4731,4739,4745,4750,4754,4749 
CCGT with CCS,Step Change,,SEV,SEV,100.6%,5944,5944,5944,5870,5724,5504,5283,5063,4919,4855,4866,4873,4878,4884,4897,4889,4865,4840,4835,4842,4811,4779,4747,4752,4760,4768,4774,4779,4783,4778 
CCGT with CCS,Step Change,,NSA,NSA,99.5%,5876,5876,5876,5802,5658,5440,5222,5004,4862,4799,4810,4817,4821,4827,4840,4832,4809,4784,4779,4786,4756,4724,4692,4697,4705,4713,4719,4724,4728,4723 
CCGT with CCS,Step Change,,CSA,CSA,100.0%,5908,5908,5908,5834,5689,5470,5251,5032,4889,4825,4836,4843,4848,4854,4867,4859,4835,4810,4805,4812,4782,4750,4718,4723,4731,4739,4745,4750,4754,4749 
CCGT with CCS,Step Change,,SESA,SESA,105.1%,6212,6212,6212,6134,5981,5751,5521,5291,5140,5073,5085,5092,5097,5103,5117,5109,5083,5057,5052,5059,5028,4994,4960,4966,4974,4983,4989,4994,4998,4993 
CCGT with CCS,Step Change,,TAS,TAS,100.0%,5908,5908,5908,5834,5689,5470,5251,5032,4889,4825,4836,4843,4848,4854,4867,4859,4835,4810,4805,4812,4782,4750,4718,4723,4731,4739,4745,4750,4754,4749
Biomass,Step Change,,NQ,NQ,109.6%,9955,9807,9662,9525,9405,9296,9240,9232,9270,9307,9344,9383,9421,9462,9500,9542,9577,9610,9637,9667,9695,9725,9753,9783,9812,9842,9869,9897,9921,9946 
Biomass,Step Change,,CQ,CQ,112.8%,10244,10091,9943,9801,9677,9566,9508,9500,9539,9577,9615,9655,9694,9736,9776,9818,9855,9888,9917,9947,9976,10007,10036,10067,10097,10128,10156,10184,10209,10235 
Biomass,Step Change,,GG,GG,109.4%,9934,9786,9641,9505,9384,9276,9220,9213,9250,9287,9324,9362,9401,9441,9480,9521,9556,9589,9616,9646,9674,9704,9732,9762,9791,9821,9848,9876,9900,9925 
Biomass,Step Change,,SQ,SQ,100.0%,9079,8944,8812,8687,8577,8478,8427,8420,8454,8488,8522,8557,8592,8629,8664,8702,8734,8764,8789,8816,8842,8869,8895,8922,8949,8976,9001,9026,9048,9071 
Biomass,Step Change,,NNSW,NNSW,107.3%,9740,9595,9453,9319,9201,9095,9040,9033,9069,9106,9142,9180,9217,9257,9294,9335,9369,9402,9428,9457,9485,9514,9542,9571,9600,9629,9656,9683,9706,9731 
Biomass,Step Change,,CNSW,CNSW,104.4%,9478,9337,9199,9069,8954,8851,8797,8790,8825,8861,8896,8933,8970,9008,9045,9084,9118,9149,9175,9203,9231,9259,9286,9314,9342,9370,9396,9423,9446,9470 
Biomass,Step Change,,SNSW,SNSW,100.5%,9125,8989,8856,8731,8620,8521,8469,8462,8497,8531,8565,8600,8635,8672,8708,8746,8778,8808,8833,8860,8887,8914,8940,8967,8994,9021,9046,9071,9094,9117 
Biomass,Step Change,,SNW,SNW,100.0%,9079,8944,8812,8687,8577,8478,8427,8420,8454,8488,8522,8557,8592,8629,8664,8702,8734,8764,8789,8816,8842,8869,8895,8922,8949,8976,9001,9026,9048,9071 
Biomass,Step Change,,WNV,WNV,100.0%,9079,8944,8812,8687,8577,8478,8427,8420,8454,8488,8522,8557,8592,8629,8664,8702,8734,8764,8789,8816,8842,8869,8895,8922,8949,8976,9001,9026,9048,9071 
Biomass,Step Change,,MEL,MEL,100.0%,9079,8944,8812,8687,8577,8478,8427,8420,8454,8488,8522,8557,8592,8629,8664,8702,8734,8764,8789,8816,8842,8869,8895,8922,8949,8976,9001,9026,9048,9071 
Biomass,Step Change,,SEV,SEV,100.1%,9091,8956,8823,8698,8588,8489,8438,8431,8465,8499,8533,8568,8603,8640,8675,8713,8745,8775,8800,8828,8854,8881,8907,8934,8961,8988,9013,9038,9060,9083 
Biomass,Step Change,,NSA,NSA,106.6%,9680,9536,9396,9262,9145,9039,8985,8978,9014,9050,9086,9124,9161,9200,9238,9278,9312,9344,9371,9400,9428,9456,9484,9513,9542,9570,9597,9624,9647,9672 
Biomass,Step Change,,CSA,CSA,100.0%,9079,8944,8812,8687,8577,8478,8427,8420,8454,8488,8522,8557,8592,8629,8664,8702,8734,8764,8789,8816,8842,8869,8895,8922,8949,8976,9001,9026,9048,9071 
Biomass,Step Change,,SESA,SESA,112.5%,10213,10061,9913,9772,9648,9537,9480,9472,9510,9548,9586,9626,9665,9707,9746,9789,9825,9859,9887,9917,9946,9977,10006,10036,10067,10097,10125,10153,10178,10204 
Biomass,Step Change,,TAS,TAS,100.0%,9079,8944,8812,8687,8577,8478,8427,8420,8454,8488,8522,8557,8592,8629,8664,8702,8734,8764,8789,8816,8842,8869,8895,8922,8949,8976,9001,9026,9048,9071 
Large scale Solar PV,Step Change,Far North QLD,NQ,Q1,106.4%,1584,1488,1395,1311,1234,1164,1115,1089,1081,1067,1034,1002,987,972,960,950,940,931,923,913,904,896,889,879,871,863,856,849,845,839 
Large scale Solar PV,Step Change,North Qld Clean Energy Hub,NQ,Q2,129.5%,1928,1810,1697,1595,1502,1416,1357,1324,1315,1298,1258,1219,1201,1182,1168,1156,1143,1133,1122,1111,1100,1090,1081,1069,1060,1050,1041,1033,1028,1020 
Large scale Solar PV,Step Change,Northern Qld,NQ,Q3,112.3%,1672,1569,1472,1383,1302,1228,1177,1148,1141,1126,1091,1058,1042,1025,1013,1003,991,982,973,963,954,945,937,927,919,910,903,896,891,885 
Large scale Solar PV,Step Change,Isaac,CQ,Q4,115.6%,1722,1617,1516,1425,1341,1265,1212,1183,1175,1160,1124,1089,1073,1056,1043,1033,1021,1012,1003,992,983,974,966,955,947,938,930,923,918,911 
Large scale Solar PV,Step Change,Barcaldine,CQ,Q5,125.5%,1869,1755,1646,1547,1456,1373,1316,1284,1275,1259,1220,1182,1165,1146,1132,1121,1108,1098,1088,1077,1067,1057,1048,1037,1028,1018,1009,1002,997,989 
Large scale Solar PV,Step Change,Fitzroy,CQ,Q6,113.3%,1687,1584,1486,1396,1315,1240,1188,1159,1151,1137,1102,1068,1052,1035,1022,1012,1001,992,983,972,963,954,946,936,928,919,911,904,900,893 
Large scale Solar PV,Step Change,Wide Bay,SQ,Q7,105.2%,1566,1470,1379,1296,1220,1151,1102,1076,1069,1055,1022,991,976,960,949,939,929,920,912,902,894,886,878,869,861,853,846,839,835,829 
Large scale Solar PV,Step Change,Darling Downs,SQ,Q8,108.3%,1613,1515,1420,1335,1257,1185,1135,1108,1101,1087,1053,1021,1005,989,977,967,957,948,939,930,921,912,905,895,887,879,871,865,860,854 
Large scale Solar PV,Step Change,Banana,CQ,Q9,118.7%,1767,1659,1556,1462,1377,1299,1244,1214,1206,1191,1154,1118,1102,1084,1071,1060,1048,1039,1029,1018,1009,999,991,980,972,963,954,947,942,935 
Large scale Solar PV,Step Change,Collinsville,NQ,Q10,115.6%,1722,1617,1516,1425,1341,1265,1212,1183,1175,1160,1124,1089,1073,1056,1043,1033,1021,1012,1003,992,983,974,966,955,947,938,930,923,918,911 
Large scale Solar PV,Step Change,North West NSW,NNSW,N1,109.5%,1630,1530,1435,1349,1270,1197,1147,1120,1112,1098,1064,1031,1016,999,987,977,967,958,949,939,930,922,914,904,896,888,880,873,869,863 
Large scale Solar PV,Step Change,New England,NNSW,N2,108.8%,1620,1521,1426,1340,1262,1190,1140,1113,1105,1091,1058,1025,1010,993,981,972,961,952,943,933,925,916,908,899,891,882,875,868,864,857 
Large scale Solar PV,Step Change,Central-West Orana,CNSW,N3,110.2%,1640,1540,1444,1357,1278,1205,1154,1127,1119,1105,1071,1038,1022,1006,994,984,973,964,955,945,936,928,920,910,902,893,886,879,875,868 
Large scale Solar PV,Step Change,Broken Hill,SNSW,N4,117.3%,1747,1640,1538,1446,1361,1284,1230,1200,1192,1177,1140,1105,1089,1071,1058,1048,1036,1027,1017,1007,997,988,980,969,961,952,943,936,932,925 
Large scale Solar PV,Step Change,South West NSW,SNSW,N5,116.6%,1736,1629,1528,1436,1352,1275,1222,1192,1184,1169,1133,1098,1082,1064,1051,1041,1029,1020,1011,1000,991,981,973,963,955,945,937,930,925,918 
Large scale Solar PV,Step Change,Wagga Wagga,SNSW,N6,104.6%,1558,1462,1371,1289,1213,1144,1096,1070,1063,1049,1017,985,971,955,943,934,924,915,907,897,889,881,873,864,857,848,841,835,831,824 
Large scale Solar PV,Step Change,Tumut,SNSW,N7,111.3%,1657,1556,1459,1371,1291,1217,1166,1138,1131,1116,1082,1048,1033,1016,1004,994,983,974,965,955,946,937,929,919,911,902,895,888,884,877 
Large scale Solar PV,Step Change,Cooma-Monaro,SNSW,N8,109.6%,1632,1533,1437,1351,1272,1199,1149,1122,1114,1100,1066,1033,1017,1001,989,979,968,959,951,941,932,923,915,906,898,889,881,875,870,864 
Large scale Solar PV,Step Change,Hunter-Central Coast,CNSW,N9,103.2%,1536,1442,1353,1271,1197,1129,1081,1055,1048,1035,1003,972,957,942,931,921,911,903,894,885,877,869,861,852,845,837,829,823,819,813 
Large scale Solar PV,Step Change,Hunter Coast,SNW,N10,Not Applicable,Not Applicable,Not Applicable,Not Applicable,Not Applicable,Not Applicable,Not Applicable,Not Applicable,Not Applicable,Not Applicable,Not Applicable,Not Applicable,Not Applicable,Not Applicable,Not Applicable,Not Applicable,Not Applicable,Not Applicable,Not Applicable,Not Applicable,Not Applicable,Not Applicable,Not Applicable,Not Applicable,Not Applicable,Not Applicable,Not Applicable,Not Applicable,Not Applicable,Not Applicable,Not Applicable 
Large scale Solar PV,Step Change,Illawarra Coast,SNW,N11,Not Applicable,Not Applicable,Not Applicable,Not Applicable,Not Applicable,Not Applicable,Not Applicable,Not Applicable,Not Applicable,Not Applicable,Not Applicable,Not Applicable,Not Applicable,Not Applicable,Not Applicable,Not Applicable,Not Applicable,Not Applicable,Not Applicable,Not Applicable,Not Applicable,Not Applicable,Not Applicable,Not Applicable,Not Applicable,Not Applicable,Not Applicable,Not Applicable,Not Applicable,Not Applicable,Not Applicable 
Large scale Solar PV,Step Change,Illawarra,SNW,N12,101.9%,1517,1424,1335,1255,1181,1114,1067,1042,1035,1022,990,959,945,930,919,910,899,891,883,874,866,858,850,841,834,826,819,813,809,803 
Large scale Solar PV,Step Change,South Cobar,SNSW,N13,130.4%,1942,1823,1710,1607,1513,1427,1367,1334,1325,1308,1268,1229,1210,1191,1176,1165,1152,1141,1131,1119,1109,1098,1089,1077,1068,1058,1049,1041,1036,1028 
Large scale Solar PV,Step Change,South East SA,SESA,S1,112.1%,1669,1567,1470,1381,1300,1226,1175,1147,1139,1124,1090,1056,1040,1023,1011,1001,990,981,972,962,953,944,936,926,918,909,901,894,890,883 
Large scale Solar PV,Step Change,Riverland,CSA,S2,111.4%,1658,1557,1460,1372,1292,1218,1167,1139,1132,1117,1083,1049,1034,1017,1005,995,983,975,966,956,947,938,930,920,912,903,895,889,884,878 
Large scale Solar PV,Step Change,Mid-North SA,CSA,S3,106.1%,1580,1483,1391,1307,1231,1161,1112,1085,1078,1064,1031,999,984,969,957,947,937,928,920,910,902,893,886,876,869,860,853,847,842,836 
Large scale Solar PV,Step Change,Yorke Peninsula,CSA,S4,109.8%,1634,1535,1439,1352,1273,1201,1150,1123,1115,1101,1067,1034,1019,1002,990,980,969,960,952,942,933,924,917,907,899,890,883,876,872,865 
Large scale Solar PV,Step Change,Northern SA,NSA,S5,109.2%,1627,1527,1432,1346,1267,1195,1145,1118,1110,1096,1062,1029,1014,997,985,976,965,956,947,937,929,920,912,902,895,886,878,872,867,861 
Large scale Solar PV,Step Change,Roxby Downs,NSA,S6,123.2%,1835,1723,1616,1518,1430,1348,1291,1261,1252,1236,1198,1161,1144,1125,1112,1100,1088,1078,1068,1057,1047,1038,1029,1018,1009,999,991,983,978,971 
Large scale Solar PV,Step Change,Eastern Eyre Peninsula,NSA,S7,110.6%,1647,1547,1450,1363,1283,1210,1159,1132,1124,1110,1075,1042,1027,1010,998,988,977,968,959,949,940,932,924,914,906,897,889,883,878,872 
Large scale Solar PV,Step Change,Western Eyre Peninsula,NSA,S8,113.7%,1693,1590,1491,1401,1319,1244,1192,1163,1156,1141,1105,1071,1055,1038,1026,1016,1004,995,986,976,967,958,950,939,931,922,914,908,903,896 
Large scale Solar PV,Step Change,North East Tasmania,TAS,T1,100.6%,1498,1407,1319,1240,1167,1101,1055,1029,1022,1009,978,948,934,919,908,899,889,880,872,863,855,847,840,831,824,816,809,803,799,793 
Large scale Solar PV,Step Change,North West Tasmania,TAS,T2,113.2%,1685,1582,1484,1394,1313,1238,1186,1158,1150,1135,1100,1066,1050,1033,1021,1011,999,990,981,971,962,953,945,935,927,918,910,903,899,892 
Large scale Solar PV,Step Change,Central Highlands,TAS,T3,110.0%,1637,1537,1442,1355,1276,1203,1152,1125,1117,1103,1069,1036,1020,1004,992,982,971,962,953,943,935,926,918,908,901,892,884,878,873,867 
Large scale Solar PV,Step Change,North Tasmania Coast,TAS,T4,Not Applicable,Not Applicable,Not Applicable,Not Applicable,Not Applicable,Not Applicable,Not Applicable,Not Applicable,Not Applicable,Not Applicable,Not Applicable,Not Applicable,Not Applicable,Not Applicable,Not Applicable,Not Applicable,Not Applicable,Not Applicable,Not Applicable,Not Applicable,Not Applicable,Not Applicable,Not Applicable,Not Applicable,Not Applicable,Not Applicable,Not Applicable,Not Applicable,Not Applicable,Not Applicable,Not Applicable 
Wind,Step Change,Far North QLD,NQ,Q1,106.0%,3616,3461,3312,3168,3036,2913,2797,2689,2589,2503,2433,2415,2381,2378,2363,2339,2314,2297,2287,2278,2271,2265,2261,2257,2254,2253,2252,2250,2250,2249 
Wind,Step Change,North Qld Clean Energy Hub,NQ,Q2,123.3%,4207,4027,3853,3685,3532,3389,3254,3128,3012,2912,2831,2810,2770,2767,2749,2721,2691,2672,2661,2649,2642,2635,2630,2626,2622,2621,2620,2617,2617,2616 
Wind,Step Change,Northern Qld,NQ,Q3,108.2%,3692,3534,3382,3235,3100,2975,2856,2745,2644,2556,2485,2466,2432,2428,2413,2388,2362,2345,2335,2326,2319,2313,2308,2305,2302,2301,2300,2297,2297,2296 
Wind,Step Change,Isaac,CQ,Q4,112.1%,3823,3660,3502,3349,3211,3081,2957,2843,2738,2647,2573,2554,2518,2515,2499,2473,2446,2428,2418,2408,2401,2395,2390,2387,2384,2382,2381,2379,2379,2378 
Wind,Step Change,Barcaldine,CQ,Q5,121.4%,4142,3965,3794,3629,3478,3337,3204,3080,2966,2867,2787,2767,2728,2724,2707,2679,2650,2631,2620,2609,2602,2594,2589,2586,2582,2581,2580,2577,2577,2576 
Wind,Step Change,Fitzroy,CQ,Q6,109.8%,3745,3585,3430,3281,3145,3018,2897,2785,2682,2593,2520,2502,2467,2463,2448,2423,2396,2379,2369,2359,2352,2346,2341,2338,2335,2334,2333,2330,2330,2329 
Wind,Step Change,Wide Bay,SQ,Q7,104.1%,3553,3401,3254,3112,2983,2863,2748,2642,2544,2460,2391,2373,2340,2337,2322,2298,2273,2257,2247,2238,2232,2225,2221,2218,2215,2214,2213,2211,2211,2210 
Wind,Step Change,Darling Downs,SQ,Q8,106.7%,3640,3484,3334,3189,3056,2932,2815,2706,2606,2520,2449,2431,2397,2394,2379,2354,2329,2312,2302,2292,2286,2280,2275,2272,2269,2268,2267,2265,2265,2264 
Wind,Step Change,Banana,CQ,Q9,115.1%,3926,3758,3595,3439,3296,3163,3036,2919,2811,2718,2642,2622,2585,2582,2566,2539,2512,2493,2483,2472,2466,2459,2454,2451,2447,2446,2445,2443,2443,2441 
Wind,Step Change,Collinsville,NQ,Q10,111.7%,3811,3648,3491,3339,3200,3071,2948,2834,2729,2638,2565,2546,2510,2507,2491,2465,2439,2421,2411,2401,2394,2387,2383,2379,2376,2375,2374,2371,2371,2370 
Wind,Step Change,North West NSW,NNSW,N1,108.8%,3711,3552,3399,3251,3116,2990,2870,2759,2657,2569,2497,2479,2444,2441,2425,2400,2374,2357,2347,2337,2331,2324,2320,2317,2313,2312,2311,2309,2309,2308 
Wind,Step Change,New England,NNSW,N2,107.3%,3659,3503,3352,3206,3073,2948,2830,2721,2620,2533,2462,2444,2410,2407,2392,2367,2341,2324,2314,2305,2298,2292,2288,2284,2281,2280,2279,2277,2277,2276 
Wind,Step Change,Central-West Orana,CNSW,N3,108.5%,3703,3544,3391,3244,3109,2983,2864,2753,2651,2563,2492,2473,2438,2435,2420,2395,2369,2352,2342,2332,2326,2319,2315,2311,2308,2307,2306,2304,2304,2303 
Wind,Step Change,Broken Hill,SNSW,N4,115.0%,3923,3755,3593,3437,3294,3161,3034,2917,2809,2716,2640,2620,2584,2580,2564,2538,2510,2492,2481,2471,2464,2457,2452,2449,2446,2444,2443,2441,2441,2440 
Wind,Step Change,South West NSW,SNSW,N5,112.4%,3835,3671,3513,3360,3220,3090,2966,2852,2746,2655,2581,2562,2526,2522,2507,2481,2454,2436,2426,2416,2409,2402,2398,2394,2391,2390,2389,2386,2386,2385 
Wind,Step Change,Wagga Wagga,SNSW,N6,103.9%,3545,3394,3247,3106,2977,2856,2742,2636,2538,2454,2386,2368,2335,2332,2317,2293,2268,2252,2242,2233,2227,2220,2216,2213,2210,2209,2208,2206,2206,2205 
Wind,Step Change,Tumut,SNSW,N7,108.7%,3709,3550,3397,3249,3115,2988,2869,2758,2656,2568,2496,2477,2443,2439,2424,2399,2373,2356,2346,2336,2330,2323,2319,2316,2312,2311,2310,2308,2308,2307 
Wind,Step Change,Cooma-Monaro,SNSW,N8,107.2%,3656,3500,3349,3203,3070,2946,2828,2719,2618,2531,2460,2442,2408,2405,2390,2365,2339,2322,2313,2303,2297,2290,2286,2283,2279,2278,2277,2275,2275,2274 
Wind,Step Change,Hunter-Central Coast,CNSW,N9,102.5%,3497,3348,3203,3064,2937,2818,2705,2600,2504,2421,2353,2336,2303,2300,2286,2262,2237,2221,2212,2203,2196,2190,2186,2183,2180,2179,2178,2176,2176,2175 
Wind,Step Change,Hunter Coast,SNW,N10,Not Applicable,Not Applicable,Not Applicable,Not Applicable,Not Applicable,Not Applicable,Not Applicable,Not Applicable,Not Applicable,Not Applicable,Not Applicable,Not Applicable,Not Applicable,Not Applicable,Not Applicable,Not Applicable,Not Applicable,Not Applicable,Not Applicable,Not Applicable,Not Applicable,Not Applicable,Not Applicable,Not Applicable,Not Applicable,Not Applicable,Not Applicable,Not Applicable,Not Applicable,Not Applicable,Not Applicable 
Wind,Step Change,Illawarra Coast,SNW,N11,Not Applicable,Not Applicable,Not Applicable,Not Applicable,Not Applicable,Not Applicable,Not Applicable,Not Applicable,Not Applicable,Not Applicable,Not Applicable,Not Applicable,Not Applicable,Not Applicable,Not Applicable,Not Applicable,Not Applicable,Not Applicable,Not Applicable,Not Applicable,Not Applicable,Not Applicable,Not Applicable,Not Applicable,Not Applicable,Not Applicable,Not Applicable,Not Applicable,Not Applicable,Not Applicable,Not Applicable 
Wind,Step Change,Illawarra,SNW,N12,101.4%,3461,3313,3170,3032,2906,2789,2677,2574,2478,2396,2329,2312,2280,2276,2262,2239,2215,2198,2189,2180,2174,2168,2164,2161,2158,2157,2156,2154,2154,2153 
Wind,Step Change,South Cobar,SNSW,N13,123.9%,4226,4045,3871,3702,3549,3405,3269,3142,3026,2926,2844,2823,2783,2779,2762,2734,2704,2684,2673,2662,2654,2647,2642,2638,2635,2633,2632,2630,2630,2628 
Wind,Step Change,South East SA,SESA,S1,109.1%,3723,3564,3410,3262,3126,3000,2880,2768,2666,2577,2505,2487,2452,2449,2433,2408,2382,2365,2355,2345,2338,2332,2328,2324,2321,2320,2319,2317,2317,2316 
Wind,Step Change,Riverland,CSA,S2,109.5%,3737,3577,3423,3274,3138,3011,2891,2779,2676,2587,2515,2496,2461,2458,2443,2417,2391,2374,2364,2354,2347,2341,2336,2333,2330,2329,2328,2325,2325,2324 
Wind,Step Change,Mid-North SA,CSA,S3,105.2%,3589,3436,3288,3144,3014,2892,2776,2669,2570,2485,2415,2398,2364,2361,2346,2322,2297,2280,2270,2261,2254,2248,2244,2241,2238,2237,2236,2233,2233,2232 
Wind,Step Change,Yorke Peninsula,CSA,S4,108.2%,3693,3535,3383,3235,3101,2976,2856,2746,2644,2557,2485,2467,2432,2429,2414,2389,2363,2346,2336,2326,2320,2313,2309,2306,2302,2301,2300,2298,2298,2297 
Wind,Step Change,Northern SA,NSA,S5,108.8%,3714,3555,3401,3253,3118,2992,2872,2761,2659,2571,2499,2480,2446,2442,2427,2402,2376,2359,2349,2339,2332,2326,2322,2318,2315,2314,2313,2311,2311,2310 
Wind,Step Change,Roxby Downs,NSA,S6,119.4%,4074,3899,3731,3569,3421,3282,3151,3029,2917,2820,2741,2721,2683,2679,2662,2635,2606,2587,2577,2566,2559,2551,2547,2543,2540,2538,2537,2535,2535,2534 
Wind,Step Change,Eastern Eyre Peninsula,NSA,S7,110.4%,3766,3605,3449,3299,3162,3034,2913,2800,2696,2607,2534,2515,2480,2477,2461,2436,2409,2392,2382,2372,2365,2359,2354,2351,2348,2346,2345,2343,2343,2342 
Wind,Step Change,Western Eyre Peninsula,NSA,S8,112.7%,3846,3681,3522,3369,3229,3099,2975,2860,2754,2662,2588,2569,2533,2529,2514,2488,2461,2443,2432,2422,2416,2409,2404,2401,2398,2396,2395,2393,2393,2392 
Wind,Step Change,North East Tasmania,TAS,T1,100.8%,3441,3293,3151,3014,2889,2772,2661,2558,2463,2382,2315,2298,2266,2263,2249,2225,2201,2185,2176,2167,2161,2155,2151,2148,2145,2144,2143,2141,2141,2140 
Wind,Step Change,North West Tasmania,TAS,T2,109.8%,3745,3585,3430,3281,3144,3017,2896,2784,2681,2592,2520,2501,2466,2463,2448,2422,2396,2378,2368,2359,2352,2345,2341,2338,2334,2333,2332,2330,2330,2329 
Wind,Step Change,Central Highlands,TAS,T3,107.7%,3674,3517,3365,3218,3085,2960,2842,2732,2631,2543,2472,2454,2420,2416,2401,2376,2351,2333,2324,2314,2308,2301,2297,2294,2290,2289,2288,2286,2286,2285 
Wind,Step Change,North Tasmania Coast,TAS,T4,Not Applicable,Not Applicable,Not Applicable,Not Applicable,Not Applicable,Not Applicable,Not Applicable,Not Applicable,Not Applicable,Not Applicable,Not Applicable,Not Applicable,Not Applicable,Not Applicable,Not Applicable,Not Applicable,Not Applicable,Not Applicable,Not Applicable,Not Applicable,Not Applicable,Not Applicable,Not Applicable,Not Applicable,Not Applicable,Not Applicable,Not Applicable,Not Applicable,Not Applicable,Not Applicable,Not Applicable 
Battery storage (1hr storage),Step Change,Far North QLD,NQ,Q1,101.2%,937,829,742,670,605,570,559,549,540,530,521,512,502,493,485,476,470,465,460,456,451,446,442,438,434,431,427,424,420,417 
Battery storage (1hr storage),Step Change,North Qld Clean Energy Hub,NQ,Q2,112.3%,1040,921,824,744,672,632,621,610,600,589,578,568,557,547,538,529,522,517,511,507,501,495,491,486,482,479,474,471,466,463 
Battery storage (1hr storage),Step Change,Northern Qld,NQ,Q3,106.9%,990,877,785,708,639,602,591,581,571,560,551,541,530,521,512,504,497,492,487,482,477,472,467,463,459,456,451,448,444,441 
Battery storage (1hr storage),Step Change,Isaac,CQ,Q4,108.2%,1002,887,794,716,647,609,598,587,578,567,557,547,536,527,518,509,503,498,492,488,482,477,473,468,464,461,456,453,449,446 
Battery storage (1hr storage),Step Change,Barcaldine,CQ,Q5,110.8%,1026,908,813,733,662,624,613,602,592,580,571,561,549,539,531,522,515,510,504,500,494,489,484,480,475,472,467,464,460,456 
Battery storage (1hr storage),Step Change,Fitzroy,CQ,Q6,106.0%,982,869,778,702,634,597,586,576,566,556,546,536,526,516,508,499,493,488,482,478,473,468,463,459,455,452,447,444,440,437 
Battery storage (1hr storage),Step Change,Wide Bay,SQ,Q7,103.0%,953,844,756,682,616,580,569,559,550,540,530,521,511,501,493,485,479,474,468,464,459,454,450,446,442,439,434,431,427,424 
Battery storage (1hr storage),Step Change,Darling Downs,SQ,Q8,104.6%,969,858,768,693,626,589,579,568,559,548,539,529,519,510,501,493,487,481,476,472,467,461,457,453,449,446,442,438,434,431 
Battery storage (1hr storage),Step Change,Banana,CQ,Q9,108.1%,1001,886,793,715,646,608,598,587,577,566,557,547,536,526,518,509,503,497,492,487,482,477,472,468,464,460,456,453,448,445 
Battery storage (1hr storage),Step Change,Collinsville,NQ,Q10,108.9%,1009,893,799,721,651,613,602,591,582,571,561,551,540,530,522,513,506,501,496,491,486,480,476,472,467,464,460,456,452,449 
Battery storage (1hr storage),Step Change,North West NSW,NNSW,N1,103.7%,960,850,761,686,620,584,573,563,554,543,534,525,514,505,497,488,482,477,472,468,462,457,453,449,445,442,438,434,430,427 
Battery storage (1hr storage),Step Change,New England,NNSW,N2,105.0%,972,861,771,695,628,591,581,570,561,550,541,531,521,511,503,495,488,483,478,474,468,463,459,455,450,447,443,440,436,433 
Battery storage (1hr storage),Step Change,Central-West Orana,CNSW,N3,104.9%,971,860,770,694,627,591,580,570,560,550,540,531,520,511,502,494,488,482,477,473,468,463,458,454,450,447,443,439,435,432 
Battery storage (1hr storage),Step Change,Broken Hill,SNSW,N4,106.9%,990,877,785,708,639,602,591,581,571,560,551,541,530,521,512,504,497,492,486,482,477,472,467,463,459,455,451,448,444,441 
Battery storage (1hr storage),Step Change,South West NSW,SNSW,N5,109.4%,1013,897,803,724,654,616,605,594,584,573,564,554,543,533,524,515,509,503,498,494,488,483,478,474,469,466,462,459,454,451 
Battery storage (1hr storage),Step Change,Wagga Wagga,SNSW,N6,104.5%,968,857,767,692,625,588,578,567,558,548,538,529,518,509,501,492,486,481,476,471,466,461,457,453,448,445,441,438,434,431 
Battery storage (1hr storage),Step Change,Tumut,SNSW,N7,105.5%,977,865,774,698,631,594,583,573,563,553,543,534,523,514,505,497,490,485,480,476,470,465,461,457,452,449,445,442,438,435 
Battery storage (1hr storage),Step Change,Cooma-Monaro,SNSW,N8,104.1%,964,854,764,689,623,586,576,565,556,546,536,527,516,507,499,490,484,479,474,470,464,459,455,451,447,443,439,436,432,429 
Battery storage (1hr storage),Step Change,Hunter-Central Coast,CNSW,N9,101.3%,938,831,744,671,606,570,560,550,541,531,522,513,502,493,485,477,471,466,461,457,452,447,443,439,435,432,428,424,420,417 
Battery storage (1hr storage),Step Change,Hunter Coast,SNW,N10,Not Applicable,Not Applicable,Not Applicable,Not Applicable,Not Applicable,Not Applicable,Not Applicable,Not Applicable,Not Applicable,Not Applicable,Not Applicable,Not Applicable,Not Applicable,Not Applicable,Not Applicable,Not Applicable,Not Applicable,Not Applicable,Not Applicable,Not Applicable,Not Applicable,Not Applicable,Not Applicable,Not Applicable,Not Applicable,Not Applicable,Not Applicable,Not Applicable,Not Applicable,Not Applicable,Not Applicable 
Battery storage (1hr storage),Step Change,Illawarra Coast,SNW,N11,Not Applicable,Not Applicable,Not Applicable,Not Applicable,Not Applicable,Not Applicable,Not Applicable,Not Applicable,Not Applicable,Not Applicable,Not Applicable,Not Applicable,Not Applicable,Not Applicable,Not Applicable,Not Applicable,Not Applicable,Not Applicable,Not Applicable,Not Applicable,Not Applicable,Not Applicable,Not Applicable,Not Applicable,Not Applicable,Not Applicable,Not Applicable,Not Applicable,Not Applicable,Not Applicable,Not Applicable 
Battery storage (1hr storage),Step Change,Illawarra,SNW,N12,101.0%,935,828,741,669,604,569,559,548,539,529,520,511,501,492,484,476,470,465,460,456,450,445,441,437,433,430,426,423,419,416 
Battery storage (1hr storage),Step Change,South Cobar,SNSW,N13,114.9%,1064,942,844,761,687,647,636,624,614,602,592,582,570,560,551,541,534,529,523,518,513,507,502,498,493,490,485,482,477,474 
Battery storage (1hr storage),Step Change,South East SA,SESA,S1,105.9%,981,869,778,701,633,596,586,575,566,555,546,536,525,516,507,499,493,487,482,478,472,467,463,459,454,451,447,444,440,436 
Battery storage (1hr storage),Step Change,Riverland,CSA,S2,104.4%,966,856,766,691,624,588,577,567,557,547,537,528,518,508,500,492,485,480,475,471,465,460,456,452,448,445,440,437,433,430 
Battery storage (1hr storage),Step Change,Mid-North SA,CSA,S3,102.1%,946,837,750,676,611,575,565,555,545,535,526,517,507,497,489,481,475,470,465,461,455,450,446,442,438,435,431,428,424,421 
Battery storage (1hr storage),Step Change,Yorke Peninsula,CSA,S4,103.4%,958,848,759,685,618,582,572,562,552,542,533,523,513,504,495,487,481,476,471,466,461,456,452,448,444,441,436,433,429,426 
Battery storage (1hr storage),Step Change,Northern SA,NSA,S5,102.7%,951,842,754,680,614,578,568,558,548,538,529,520,509,500,492,484,477,472,467,463,458,453,449,445,440,437,433,430,426,423 
Battery storage (1hr storage),Step Change,Roxby Downs,NSA,S6,109.5%,1014,898,804,725,655,617,606,595,585,574,564,554,543,533,525,516,509,504,498,494,489,483,479,474,470,467,462,459,455,451 
Battery storage (1hr storage),Step Change,Eastern Eyre Peninsula,NSA,S7,104.2%,965,855,765,690,623,587,577,566,557,546,537,528,517,508,499,491,485,480,474,470,465,460,456,451,447,444,440,437,433,430 
Battery storage (1hr storage),Step Change,Western Eyre Peninsula,NSA,S8,105.8%,980,867,777,700,633,596,585,574,565,554,545,535,525,515,507,498,492,487,481,477,472,467,462,458,454,451,446,443,439,436 
Battery storage (1hr storage),Step Change,North East Tasmania,TAS,T1,101.0%,935,828,741,668,604,568,558,548,539,529,520,511,501,492,484,476,470,464,459,455,450,445,441,437,433,430,426,423,419,416 
Battery storage (1hr storage),Step Change,North West Tasmania,TAS,T2,106.1%,983,870,779,703,635,598,587,576,567,556,547,537,526,517,508,500,494,488,483,479,473,468,464,460,455,452,448,445,440,437 
Battery storage (1hr storage),Step Change,Central Highlands,TAS,T3,105.2%,974,863,772,696,629,592,582,571,562,551,542,532,522,512,504,495,489,484,479,474,469,464,460,455,451,448,444,441,437,433 
Battery storage (1hr storage),Step Change,North Tasmania Coast,TAS,T4,Not Applicable,Not Applicable,Not Applicable,Not Applicable,Not Applicable,Not Applicable,Not Applicable,Not Applicable,Not Applicable,Not Applicable,Not Applicable,Not Applicable,Not Applicable,Not Applicable,Not Applicable,Not Applicable,Not Applicable,Not Applicable,Not Applicable,Not Applicable,Not Applicable,Not Applicable,Not Applicable,Not Applicable,Not Applicable,Not Applicable,Not Applicable,Not Applicable,Not Applicable,Not Applicable,Not Applicable 
Battery storage (1hr storage),Step Change,,NQ,NQ,104.7%,969,858,768,693,626,589,579,568,559,548,539,530,519,510,501,493,487,481,476,472,467,462,457,453,449,446,442,439,434,431 
Battery storage (1hr storage),Step Change,,CQ,CQ,106.6%,987,874,783,706,638,600,590,579,569,559,549,540,529,519,511,502,496,491,485,481,476,470,466,462,457,454,450,447,443,439 
Battery storage (1hr storage),Step Change,,GG,GG,103.7%,960,850,761,686,620,584,573,563,554,543,534,525,514,505,497,488,482,477,472,468,462,457,453,449,445,442,438,434,430,427 
Battery storage (1hr storage),Step Change,,SQ,SQ,100.0%,926,820,734,662,598,563,553,543,534,524,515,506,496,487,479,471,465,460,455,451,446,441,437,433,429,426,422,419,415,412 
Battery storage (1hr storage),Step Change,,NNSW,NNSW,104.4%,967,856,766,691,624,588,577,567,557,547,538,528,518,508,500,492,485,480,475,471,466,460,456,452,448,445,441,437,433,430 
Battery storage (1hr storage),Step Change,,CNSW,CNSW,102.9%,953,844,755,681,615,579,569,559,550,539,530,521,510,501,493,485,479,473,468,464,459,454,450,446,442,438,434,431,427,424 
Battery storage (1hr storage),Step Change,,SNSW,SNSW,101.1%,936,829,742,669,604,569,559,549,540,530,521,511,501,492,484,476,470,465,460,456,451,446,442,438,434,431,427,423,419,416 
Battery storage (1hr storage),Step Change,,SNW,SNW,100.0%,926,820,734,662,598,563,553,543,534,524,515,506,496,487,479,471,465,460,455,451,446,441,437,433,429,426,422,419,415,412 
Battery storage (1hr storage),Step Change,,WNV,WNV,100.0%,926,820,734,662,598,563,553,543,534,524,515,506,496,487,479,471,465,460,455,451,446,441,437,433,429,426,422,419,415,412 
Battery storage (1hr storage),Step Change,,MEL,MEL,100.0%,926,820,734,662,598,563,553,543,534,524,515,506,496,487,479,471,465,460,455,451,446,441,437,433,429,426,422,419,415,412 
Battery storage (1hr storage),Step Change,,SEV,SEV,100.6%,932,825,738,666,602,566,556,546,537,527,518,509,499,490,482,474,468,463,458,454,449,444,440,436,432,429,425,421,417,414 
Battery storage (1hr storage),Step Change,,NSA,NSA,102.5%,949,840,752,678,613,577,567,557,547,537,528,519,508,499,491,483,477,471,466,462,457,452,448,444,440,437,433,429,425,422 
Battery storage (1hr storage),Step Change,,CSA,CSA,100.0%,926,820,734,662,598,563,553,543,534,524,515,506,496,487,479,471,465,460,455,451,446,441,437,433,429,426,422,419,415,412 
Battery storage (1hr storage),Step Change,,SESA,SESA,105.9%,980,868,777,701,633,596,586,575,565,555,545,536,525,516,507,499,492,487,482,478,472,467,463,458,454,451,447,444,439,436 
Battery storage (1hr storage),Step Change,,TAS,TAS,100.0%,926,820,734,662,598,563,553,543,534,524,515,506,496,487,479,471,465,460,455,451,446,441,437,433,429,426,422,419,415,412 
Battery storage (2hrs storage),Step Change,Far North QLD,NQ,Q1,102.2%,1265,1130,1021,934,857,811,797,780,766,749,734,720,705,693,678,666,660,651,645,641,635,630,624,620,616,612,607,605,601,597 
Battery storage (2hrs storage),Step Change,North Qld Clean Energy Hub,NQ,Q2,113.5%,1405,1255,1135,1038,952,901,885,867,851,832,816,800,783,770,753,740,733,723,716,712,705,700,693,689,684,679,675,673,668,663 
Battery storage (2hrs storage),Step Change,Northern Qld,NQ,Q3,106.4%,1317,1176,1064,973,892,845,830,812,797,780,765,749,734,721,706,693,687,678,671,667,661,656,650,645,641,637,632,630,626,622 
Battery storage (2hrs storage),Step Change,Isaac,CQ,Q4,108.3%,1341,1197,1083,990,909,860,845,827,811,794,778,763,748,734,719,706,699,690,684,679,673,668,662,657,653,648,644,642,637,633 
Battery storage (2hrs storage),Step Change,Barcaldine,CQ,Q5,112.3%,1390,1242,1123,1027,942,892,876,858,842,823,807,791,775,762,746,732,725,716,709,704,698,693,686,682,677,672,668,666,661,656 
Battery storage (2hrs storage),Step Change,Fitzroy,CQ,Q6,106.1%,1314,1173,1061,970,890,843,828,810,795,778,763,748,733,720,704,692,685,676,670,666,659,655,648,644,640,635,631,629,625,620 
Battery storage (2hrs storage),Step Change,Wide Bay,SQ,Q7,103.0%,1275,1139,1030,942,864,818,803,787,772,755,741,726,711,699,684,671,665,657,650,646,640,636,629,625,621,617,613,610,606,602 
Battery storage (2hrs storage),Step Change,Darling Downs,SQ,Q8,104.7%,1297,1158,1047,958,879,832,817,800,785,768,753,738,723,710,695,683,676,668,661,657,651,646,640,636,631,627,623,621,616,612 
Battery storage (2hrs storage),Step Change,Banana,CQ,Q9,108.9%,1348,1204,1089,995,913,865,849,831,816,798,783,767,752,738,723,709,703,694,687,683,676,672,665,661,656,652,647,645,641,636 
Battery storage (2hrs storage),Step Change,Collinsville,NQ,Q10,108.7%,1346,1202,1087,994,912,863,848,830,815,797,781,766,750,737,722,708,702,693,686,682,675,671,664,660,655,651,646,644,640,635 
Battery storage (2hrs storage),Step Change,North West NSW,NNSW,N1,104.7%,1296,1158,1047,957,878,831,816,799,784,767,753,738,723,710,695,682,676,667,661,657,650,646,640,635,631,627,622,620,616,612 
Battery storage (2hrs storage),Step Change,New England,NNSW,N2,105.2%,1302,1163,1052,962,883,835,820,803,788,771,756,741,726,713,698,685,679,670,664,660,653,649,643,638,634,630,625,623,619,615 
Battery storage (2hrs storage),Step Change,Central-West Orana,CNSW,N3,105.4%,1305,1165,1054,963,884,837,822,805,790,772,757,742,727,715,700,687,680,672,665,661,654,650,644,639,635,631,627,624,620,616 
Battery storage (2hrs storage),Step Change,Broken Hill,SNSW,N4,108.2%,1340,1197,1082,990,908,860,844,827,811,794,778,763,747,734,719,705,699,690,683,679,672,668,661,657,652,648,644,641,637,633 
Battery storage (2hrs storage),Step Change,South West NSW,SNSW,N5,109.2%,1352,1208,1092,999,916,867,852,834,819,801,785,770,754,741,725,712,705,696,690,685,678,674,667,663,658,654,649,647,643,638 
Battery storage (2hrs storage),Step Change,Wagga Wagga,SNSW,N6,104.2%,1291,1153,1042,953,875,828,813,796,781,764,749,734,720,707,692,679,673,664,658,654,647,643,637,633,628,624,620,618,613,609 
Battery storage (2hrs storage),Step Change,Tumut,SNSW,N7,105.6%,1308,1168,1056,966,886,839,824,807,792,775,760,744,729,716,701,689,682,673,667,663,656,652,645,641,637,633,628,626,622,618 
Battery storage (2hrs storage),Step Change,Cooma-Monaro,SNSW,N8,104.3%,1291,1153,1043,953,875,828,813,796,781,764,750,735,720,707,692,680,673,665,658,654,648,643,637,633,629,624,620,618,614,609 
Battery storage (2hrs storage),Step Change,Hunter-Central Coast,CNSW,N9,101.4%,1256,1122,1014,928,851,806,791,775,760,744,729,715,700,688,673,661,655,647,640,636,630,626,620,616,611,607,603,601,597,593 
Battery storage (2hrs storage),Step Change,Hunter Coast,SNW,N10,Not Applicable,Not Applicable,Not Applicable,Not Applicable,Not Applicable,Not Applicable,Not Applicable,Not Applicable,Not Applicable,Not Applicable,Not Applicable,Not Applicable,Not Applicable,Not Applicable,Not Applicable,Not Applicable,Not Applicable,Not Applicable,Not Applicable,Not Applicable,Not Applicable,Not Applicable,Not Applicable,Not Applicable,Not Applicable,Not Applicable,Not Applicable,Not Applicable,Not Applicable,Not Applicable,Not Applicable 
Battery storage (2hrs storage),Step Change,Illawarra Coast,SNW,N11,Not Applicable,Not Applicable,Not Applicable,Not Applicable,Not Applicable,Not Applicable,Not Applicable,Not Applicable,Not Applicable,Not Applicable,Not Applicable,Not Applicable,Not Applicable,Not Applicable,Not Applicable,Not Applicable,Not Applicable,Not Applicable,Not Applicable,Not Applicable,Not Applicable,Not Applicable,Not Applicable,Not Applicable,Not Applicable,Not Applicable,Not Applicable,Not Applicable,Not Applicable,Not Applicable,Not Applicable 
Battery storage (2hrs storage),Step Change,Illawarra,SNW,N12,101.0%,1251,1117,1010,924,848,802,788,771,757,741,726,712,697,685,671,658,652,644,638,634,627,623,617,613,609,605,601,599,595,590 
Battery storage (2hrs storage),Step Change,South Cobar,SNSW,N13,115.5%,1431,1278,1155,1057,969,918,901,882,866,847,831,814,798,784,767,753,746,737,729,725,718,713,706,701,697,692,687,685,680,675 
Battery storage (2hrs storage),Step Change,South East SA,SESA,S1,106.0%,1313,1172,1060,969,890,842,827,810,795,777,762,747,732,719,704,691,684,676,669,665,659,654,648,643,639,635,630,628,624,620 
Battery storage (2hrs storage),Step Change,Riverland,CSA,S2,105.1%,1302,1163,1051,961,882,835,820,803,788,771,756,741,726,713,698,685,679,670,664,659,653,649,642,638,634,629,625,623,619,614 
Battery storage (2hrs storage),Step Change,Mid-North SA,CSA,S3,102.6%,1271,1135,1026,938,861,815,801,784,769,752,738,723,709,696,681,669,663,654,648,644,638,633,627,623,619,615,610,608,604,600 
Battery storage (2hrs storage),Step Change,Yorke Peninsula,CSA,S4,104.2%,1290,1152,1042,953,874,828,813,796,781,764,749,734,719,707,692,679,673,664,658,654,647,643,637,632,628,624,620,617,613,609 
Battery storage (2hrs storage),Step Change,Northern SA,NSA,S5,104.0%,1287,1150,1040,951,872,826,811,794,779,762,748,733,718,705,690,678,671,663,656,652,646,642,635,631,627,623,618,616,612,608 
Battery storage (2hrs storage),Step Change,Roxby Downs,NSA,S6,110.9%,1374,1227,1109,1014,931,881,865,847,831,813,798,782,766,752,737,723,716,707,700,696,689,685,678,673,669,664,660,657,653,648 
Battery storage (2hrs storage),Step Change,Eastern Eyre Peninsula,NSA,S7,105.6%,1307,1168,1056,965,886,839,823,806,791,774,759,744,729,716,701,688,682,673,667,662,656,651,645,641,636,632,628,626,621,617 
Battery storage (2hrs storage),Step Change,Western Eyre Peninsula,NSA,S8,107.1%,1327,1185,1071,980,899,851,836,818,803,786,770,755,740,727,711,698,692,683,676,672,665,661,655,650,646,641,637,635,631,626 
Battery storage (2hrs storage),Step Change,North East Tasmania,TAS,T1,101.0%,1250,1117,1010,923,847,802,788,771,757,740,726,712,697,685,670,658,652,644,638,633,627,623,617,613,609,605,601,599,594,590 
Battery storage (2hrs storage),Step Change,North West Tasmania,TAS,T2,106.2%,1315,1175,1062,971,891,844,829,811,796,779,764,748,733,720,705,692,686,677,671,666,660,655,649,645,640,636,632,630,625,621 
Battery storage (2hrs storage),Step Change,Central Highlands,TAS,T3,105.3%,1303,1164,1053,963,883,836,821,804,789,772,757,742,727,714,699,686,680,671,665,660,654,650,643,639,635,630,626,624,620,615 
Battery storage (2hrs storage),Step Change,North Tasmania Coast,TAS,T4,Not Applicable,Not Applicable,Not Applicable,Not Applicable,Not Applicable,Not Applicable,Not Applicable,Not Applicable,Not Applicable,Not Applicable,Not Applicable,Not Applicable,Not Applicable,Not Applicable,Not Applicable,Not Applicable,Not Applicable,Not Applicable,Not Applicable,Not Applicable,Not Applicable,Not Applicable,Not Applicable,Not Applicable,Not Applicable,Not Applicable,Not Applicable,Not Applicable,Not Applicable,Not Applicable,Not Applicable 
Battery storage (2hrs storage),Step Change,,NQ,NQ,104.1%,1289,1151,1041,952,873,827,812,795,780,763,748,733,718,706,691,678,672,663,657,653,646,642,636,632,627,623,619,617,612,608 
Battery storage (2hrs storage),Step Change,,CQ,CQ,106.7%,1322,1180,1067,976,896,848,832,815,800,782,767,752,737,724,709,696,689,680,674,669,663,659,652,648,643,639,635,633,628,624 
Battery storage (2hrs storage),Step Change,,GG,GG,103.7%,1284,1147,1037,949,870,824,809,792,777,761,746,731,716,703,689,676,670,661,655,651,644,640,634,630,625,621,617,615,611,606 
Battery storage (2hrs storage),Step Change,,SQ,SQ,100.0%,1238,1106,1000,914,839,794,780,764,749,733,719,705,690,678,664,652,646,637,631,627,621,617,611,607,603,599,595,593,589,585 
Battery storage (2hrs storage),Step Change,,NNSW,NNSW,104.6%,1295,1156,1046,956,877,831,816,799,784,767,752,737,722,709,694,681,675,667,660,656,650,645,639,635,630,626,622,620,615,611 
Battery storage (2hrs storage),Step Change,,CNSW,CNSW,103.4%,1280,1143,1034,945,867,821,806,789,775,758,743,728,714,701,686,674,667,659,653,648,642,638,632,627,623,619,615,613,608,604 
Battery storage (2hrs storage),Step Change,,SNSW,SNSW,101.2%,1253,1119,1012,925,849,804,789,773,758,742,727,713,699,686,672,659,653,645,639,635,629,624,618,614,610,606,602,600,596,591 
Battery storage (2hrs storage),Step Change,,SNW,SNW,100.0%,1238,1106,1000,914,839,794,780,764,749,733,719,705,690,678,664,652,646,637,631,627,621,617,611,607,603,599,595,593,589,585 
Battery storage (2hrs storage),Step Change,,WNV,WNV,100.0%,1238,1106,1000,914,839,794,780,764,749,733,719,705,690,678,664,652,646,637,631,627,621,617,611,607,603,599,595,593,589,585 
Battery storage (2hrs storage),Step Change,,MEL,MEL,100.0%,1238,1106,1000,914,839,794,780,764,749,733,719,705,690,678,664,652,646,637,631,627,621,617,611,607,603,599,595,593,589,585 
Battery storage (2hrs storage),Step Change,,SEV,SEV,100.6%,1246,1113,1006,920,844,799,785,768,754,738,723,709,695,682,668,656,650,641,635,631,625,621,615,611,606,602,598,596,592,588 
Battery storage (2hrs storage),Step Change,,NSA,NSA,103.8%,1285,1148,1038,949,871,824,810,793,778,761,746,731,717,704,689,676,670,662,655,651,645,641,634,630,626,621,617,615,611,607 
Battery storage (2hrs storage),Step Change,,CSA,CSA,100.0%,1238,1106,1000,914,839,794,780,764,749,733,719,705,690,678,664,652,646,637,631,627,621,617,611,607,603,599,595,593,589,585 
Battery storage (2hrs storage),Step Change,,SESA,SESA,106.0%,1312,1172,1060,969,889,842,827,809,794,777,762,747,732,719,704,691,684,675,669,665,658,654,647,643,639,634,630,628,624,619 
Battery storage (2hrs storage),Step Change,,TAS,TAS,100.0%,1238,1106,1000,914,839,794,780,764,749,733,719,705,690,678,664,652,646,637,631,627,621,617,611,607,603,599,595,593,589,585 
Battery storage (4hrs storage),Step Change,Far North QLD,NQ,Q1,103.0%,1774,1594,1451,1342,1246,1187,1162,1137,1116,1091,1066,1045,1024,1003,982,961,948,940,931,923,919,910,906,902,898,894,889,885,881,877 
Battery storage (4hrs storage),Step Change,North Qld Clean Energy Hub,NQ,Q2,114.5%,1972,1772,1613,1492,1385,1319,1291,1263,1240,1212,1184,1161,1138,1114,1091,1068,1054,1044,1035,1026,1021,1012,1007,1002,998,993,988,984,979,974 
Battery storage (4hrs storage),Step Change,Northern Qld,NQ,Q3,105.9%,1824,1639,1492,1380,1281,1220,1195,1169,1147,1121,1095,1074,1052,1031,1009,988,975,966,957,949,944,936,932,927,923,919,914,910,906,901 
Battery storage (4hrs storage),Step Change,Isaac,CQ,Q4,108.4%,1867,1678,1527,1413,1311,1249,1223,1196,1174,1148,1121,1099,1077,1055,1033,1011,998,989,980,971,967,958,954,949,945,940,936,931,927,923 
Battery storage (4hrs storage),Step Change,Barcaldine,CQ,Q5,113.6%,1957,1758,1601,1480,1374,1309,1281,1254,1230,1203,1175,1152,1129,1106,1082,1059,1045,1036,1027,1018,1013,1004,999,995,990,985,981,976,971,967 
Battery storage (4hrs storage),Step Change,Fitzroy,CQ,Q6,106.2%,1830,1644,1496,1384,1285,1224,1198,1172,1150,1125,1099,1077,1055,1034,1012,990,977,969,960,952,947,939,934,930,926,921,917,913,908,904 
Battery storage (4hrs storage),Step Change,Wide Bay,SQ,Q7,103.0%,1775,1595,1452,1343,1247,1188,1163,1137,1116,1091,1066,1045,1024,1003,982,961,949,940,932,923,919,911,907,902,898,894,890,886,881,877 
Battery storage (4hrs storage),Step Change,Darling Downs,SQ,Q8,104.8%,1806,1623,1477,1366,1268,1208,1183,1157,1136,1110,1085,1063,1042,1021,999,978,965,956,948,939,935,927,922,918,914,910,905,901,897,892 
Battery storage (4hrs storage),Step Change,Banana,CQ,Q9,109.5%,1887,1695,1544,1428,1325,1263,1236,1209,1187,1160,1133,1111,1089,1066,1044,1022,1008,999,990,982,977,968,964,959,955,950,946,941,937,932 
Battery storage (4hrs storage),Step Change,Collinsville,NQ,Q10,108.5%,1870,1680,1530,1415,1313,1251,1225,1198,1176,1149,1123,1101,1079,1057,1034,1012,999,990,981,973,968,959,955,950,946,942,937,933,928,924 
Battery storage (4hrs storage),Step Change,North West NSW,NNSW,N1,105.5%,1818,1633,1487,1375,1276,1216,1190,1165,1143,1117,1092,1070,1049,1027,1006,984,971,963,954,945,941,933,928,924,920,915,911,907,903,898 
Battery storage (4hrs storage),Step Change,New England,NNSW,N2,105.3%,1815,1630,1484,1373,1274,1214,1188,1163,1141,1115,1090,1068,1047,1025,1004,982,970,961,952,944,940,931,927,922,918,914,910,905,901,897 
Battery storage (4hrs storage),Step Change,Central-West Orana,CNSW,N3,105.8%,1822,1637,1490,1378,1279,1219,1193,1167,1146,1120,1094,1073,1051,1030,1008,986,974,965,956,948,943,935,930,926,922,918,913,909,905,900 
Battery storage (4hrs storage),Step Change,Broken Hill,SNSW,N4,109.3%,1884,1692,1541,1425,1323,1260,1234,1207,1185,1158,1131,1109,1087,1064,1042,1020,1007,998,989,980,975,966,962,958,953,949,944,940,935,931 
Battery storage (4hrs storage),Step Change,South West NSW,SNSW,N5,109.0%,1879,1688,1537,1421,1319,1257,1230,1204,1181,1155,1128,1106,1084,1061,1039,1017,1004,995,986,977,973,964,959,955,950,946,942,937,933,928 
Battery storage (4hrs storage),Step Change,Wagga Wagga,SNSW,N6,104.0%,1792,1610,1466,1355,1258,1199,1173,1148,1127,1101,1076,1055,1033,1012,991,970,957,949,940,932,928,919,915,911,906,902,898,894,889,885 
Battery storage (4hrs storage),Step Change,Tumut,SNSW,N7,105.8%,1823,1638,1491,1379,1280,1220,1194,1168,1146,1121,1095,1073,1052,1030,1008,987,974,965,957,948,944,935,931,927,922,918,914,909,905,901 
Battery storage (4hrs storage),Step Change,Cooma-Monaro,SNSW,N8,104.4%,1799,1616,1471,1361,1263,1204,1178,1153,1131,1106,1080,1059,1038,1016,995,974,961,953,944,936,931,923,919,914,910,906,902,897,893,889 
Battery storage (4hrs storage),Step Change,Hunter-Central Coast,CNSW,N9,101.5%,1749,1572,1431,1323,1228,1170,1146,1121,1100,1075,1050,1030,1009,988,968,947,935,926,918,910,906,897,893,889,885,881,877,873,869,864 
Battery storage (4hrs storage),Step Change,Hunter Coast,SNW,N10,Not Applicable,Not Applicable,Not Applicable,Not Applicable,Not Applicable,Not Applicable,Not Applicable,Not Applicable,Not Applicable,Not Applicable,Not Applicable,Not Applicable,Not Applicable,Not Applicable,Not Applicable,Not Applicable,Not Applicable,Not Applicable,Not Applicable,Not Applicable,Not Applicable,Not Applicable,Not Applicable,Not Applicable,Not Applicable,Not Applicable,Not Applicable,Not Applicable,Not Applicable,Not Applicable,Not Applicable 
Battery storage (4hrs storage),Step Change,Illawarra Coast,SNW,N11,Not Applicable,Not Applicable,Not Applicable,Not Applicable,Not Applicable,Not Applicable,Not Applicable,Not Applicable,Not Applicable,Not Applicable,Not Applicable,Not Applicable,Not Applicable,Not Applicable,Not Applicable,Not Applicable,Not Applicable,Not Applicable,Not Applicable,Not Applicable,Not Applicable,Not Applicable,Not Applicable,Not Applicable,Not Applicable,Not Applicable,Not Applicable,Not Applicable,Not Applicable,Not Applicable,Not Applicable 
Battery storage (4hrs storage),Step Change,Illawarra,SNW,N12,101.0%,1741,1564,1424,1317,1222,1165,1140,1115,1095,1070,1045,1025,1004,984,963,942,930,922,914,905,901,893,889,885,881,877,872,868,864,860 
Battery storage (4hrs storage),Step Change,South Cobar,SNSW,N13,116.1%,2000,1797,1636,1513,1404,1338,1310,1281,1258,1229,1201,1177,1154,1130,1106,1083,1068,1059,1050,1040,1035,1026,1021,1016,1012,1007,1002,998,993,988 
Battery storage (4hrs storage),Step Change,South East SA,SESA,S1,106.1%,1828,1642,1495,1383,1283,1223,1197,1171,1149,1124,1098,1076,1054,1033,1011,990,977,968,959,951,946,938,933,929,925,920,916,912,907,903 
Battery storage (4hrs storage),Step Change,Riverland,CSA,S2,105.8%,1823,1637,1491,1379,1280,1219,1193,1168,1146,1120,1094,1073,1051,1030,1008,987,974,965,957,948,944,935,931,926,922,918,913,909,905,900 
Battery storage (4hrs storage),Step Change,Mid-North SA,CSA,S3,103.1%,1776,1595,1452,1343,1247,1188,1163,1138,1117,1091,1066,1045,1024,1003,982,961,949,940,932,923,919,911,907,902,898,894,890,886,882,877 
Battery storage (4hrs storage),Step Change,Yorke Peninsula,CSA,S4,104.8%,1806,1623,1477,1366,1268,1208,1183,1157,1136,1110,1085,1063,1042,1020,999,978,965,956,948,939,935,927,922,918,914,909,905,901,897,892 
Battery storage (4hrs storage),Step Change,Northern SA,NSA,S5,105.1%,1810,1626,1481,1370,1271,1211,1186,1160,1138,1113,1087,1066,1044,1023,1001,980,967,959,950,942,937,929,924,920,916,912,907,903,899,894 
Battery storage (4hrs storage),Step Change,Roxby Downs,NSA,S6,112.1%,1932,1735,1580,1461,1356,1292,1265,1238,1215,1187,1160,1137,1114,1091,1069,1046,1032,1023,1014,1005,1000,991,986,982,977,973,968,964,959,954 
Battery storage (4hrs storage),Step Change,Eastern Eyre Peninsula,NSA,S7,106.7%,1838,1651,1504,1391,1291,1230,1204,1178,1156,1130,1104,1082,1060,1039,1017,995,982,973,965,956,952,943,939,934,930,926,921,917,913,908 
Battery storage (4hrs storage),Step Change,Western Eyre Peninsula,NSA,S8,108.3%,1865,1676,1526,1411,1310,1248,1222,1195,1173,1147,1120,1098,1076,1054,1032,1010,997,988,979,970,966,957,953,948,944,939,935,931,926,922 
Battery storage (4hrs storage),Step Change,North East Tasmania,TAS,T1,101.0%,1740,1563,1423,1316,1222,1164,1140,1115,1094,1070,1045,1024,1004,983,963,942,930,922,913,905,901,893,889,884,880,876,872,868,864,860 
Battery storage (4hrs storage),Step Change,North West Tasmania,TAS,T2,106.3%,1831,1645,1498,1385,1286,1225,1199,1173,1152,1126,1100,1078,1056,1035,1013,991,979,970,961,953,948,940,935,931,927,922,918,914,909,905 
Battery storage (4hrs storage),Step Change,Central Highlands,TAS,T3,105.3%,1815,1630,1484,1373,1274,1214,1188,1163,1141,1115,1090,1068,1047,1025,1004,982,970,961,952,944,940,931,927,922,918,914,909,905,901,897 
Battery storage (4hrs storage),Step Change,North Tasmania Coast,TAS,T4,Not Applicable,Not Applicable,Not Applicable,Not Applicable,Not Applicable,Not Applicable,Not Applicable,Not Applicable,Not Applicable,Not Applicable,Not Applicable,Not Applicable,Not Applicable,Not Applicable,Not Applicable,Not Applicable,Not Applicable,Not Applicable,Not Applicable,Not Applicable,Not Applicable,Not Applicable,Not Applicable,Not Applicable,Not Applicable,Not Applicable,Not Applicable,Not Applicable,Not Applicable,Not Applicable,Not Applicable 
Battery storage (4hrs storage),Step Change,,NQ,NQ,103.6%,1784,1603,1459,1350,1253,1194,1168,1143,1122,1097,1071,1050,1029,1008,987,966,953,945,936,928,924,915,911,907,903,898,894,890,886,882 
Battery storage (4hrs storage),Step Change,,CQ,CQ,106.8%,1840,1653,1505,1392,1292,1231,1205,1179,1157,1131,1105,1083,1062,1040,1018,996,983,975,966,957,953,944,940,935,931,927,922,918,914,909 
Battery storage (4hrs storage),Step Change,,GG,GG,103.8%,1788,1606,1463,1353,1255,1196,1171,1146,1124,1099,1074,1053,1031,1010,989,968,955,947,938,930,926,917,913,909,905,900,896,892,888,883 
Battery storage (4hrs storage),Step Change,,SQ,SQ,100.0%,1723,1548,1409,1303,1210,1153,1128,1104,1083,1059,1035,1014,994,973,953,933,921,912,904,896,892,884,880,876,872,868,864,859,855,851 
Battery storage (4hrs storage),Step Change,,NNSW,NNSW,104.7%,1804,1621,1476,1365,1267,1207,1181,1156,1134,1109,1083,1062,1041,1019,998,977,964,955,947,938,934,925,921,917,913,908,904,900,896,891 
Battery storage (4hrs storage),Step Change,,CNSW,CNSW,103.7%,1787,1606,1462,1352,1255,1196,1170,1145,1124,1099,1073,1052,1031,1010,989,968,955,946,938,930,925,917,913,908,904,900,896,892,887,883 
Battery storage (4hrs storage),Step Change,,SNSW,SNSW,101.3%,1745,1568,1428,1320,1225,1168,1143,1118,1097,1073,1048,1027,1007,986,965,945,932,924,916,908,904,895,891,887,883,879,875,871,866,862 
Battery storage (4hrs storage),Step Change,,SNW,SNW,100.0%,1723,1548,1409,1303,1210,1153,1128,1104,1083,1059,1035,1014,994,973,953,933,921,912,904,896,892,884,880,876,872,868,864,859,855,851 
Battery storage (4hrs storage),Step Change,,WNV,WNV,100.0%,1723,1548,1409,1303,1210,1153,1128,1104,1083,1059,1035,1014,994,973,953,933,921,912,904,896,892,884,880,876,872,868,864,859,855,851 
Battery storage (4hrs storage),Step Change,,MEL,MEL,100.0%,1723,1548,1409,1303,1210,1153,1128,1104,1083,1059,1035,1014,994,973,953,933,921,912,904,896,892,884,880,876,872,868,864,859,855,851 
Battery storage (4hrs storage),Step Change,,SEV,SEV,100.6%,1733,1557,1418,1311,1217,1160,1135,1111,1090,1066,1041,1020,1000,979,959,938,926,918,910,902,897,889,885,881,877,873,869,865,861,857 
Battery storage (4hrs storage),Step Change,,NSA,NSA,104.9%,1807,1623,1478,1367,1269,1209,1183,1158,1136,1111,1085,1064,1042,1021,1000,978,966,957,948,940,936,927,923,919,914,910,906,901,897,893 
Battery storage (4hrs storage),Step Change,,CSA,CSA,100.0%,1723,1548,1409,1303,1210,1153,1128,1104,1083,1059,1035,1014,994,973,953,933,921,912,904,896,892,884,880,876,872,868,864,859,855,851 
Battery storage (4hrs storage),Step Change,,SESA,SESA,106.0%,1827,1641,1494,1382,1283,1222,1196,1170,1149,1123,1097,1075,1054,1032,1011,989,976,967,959,950,946,937,933,929,924,920,916,911,907,903 
Battery storage (4hrs storage),Step Change,,TAS,TAS,100.0%,1723,1548,1409,1303,1210,1153,1128,1104,1083,1059,1035,1014,994,973,953,933,921,912,904,896,892,884,880,876,872,868,864,859,855,851 
Battery storage (8hrs storage),Step Change,Far North QLD,NQ,Q1,103.8%,2909,2630,2419,2258,2114,2021,1979,1937,1894,1852,1810,1767,1725,1691,1649,1615,1598,1581,1573,1565,1556,1548,1539,1531,1522,1514,1514,1514,1505,1505 
Battery storage (8hrs storage),Step Change,North Qld Clean Energy Hub,NQ,Q2,115.4%,3234,2924,2689,2510,2350,2247,2200,2153,2106,2059,2012,1965,1918,1880,1833,1796,1777,1758,1749,1739,1730,1721,1711,1702,1692,1683,1683,1683,1674,1674 
Battery storage (8hrs storage),Step Change,Northern Qld,NQ,Q3,105.4%,2954,2670,2456,2293,2147,2052,2009,1966,1923,1880,1838,1795,1752,1717,1674,1640,1623,1606,1597,1589,1580,1571,1563,1554,1546,1537,1537,1537,1528,1528 
Battery storage (8hrs storage),Step Change,Isaac,CQ,Q4,108.5%,3040,2748,2527,2359,2209,2112,2068,2024,1979,1935,1891,1847,1803,1767,1723,1688,1670,1652,1644,1635,1626,1617,1608,1599,1591,1582,1582,1582,1573,1573 
Battery storage (8hrs storage),Step Change,Barcaldine,CQ,Q5,114.8%,3217,2909,2675,2497,2338,2235,2189,2142,2095,2048,2002,1955,1908,1871,1824,1786,1768,1749,1740,1730,1721,1712,1702,1693,1684,1674,1674,1674,1665,1665 
Battery storage (8hrs storage),Step Change,Fitzroy,CQ,Q6,106.3%,2978,2692,2476,2311,2164,2069,2025,1982,1939,1896,1852,1809,1766,1731,1688,1653,1636,1619,1610,1601,1593,1584,1575,1567,1558,1549,1549,1549,1541,1541 
Battery storage (8hrs storage),Step Change,Wide Bay,SQ,Q7,103.1%,2889,2611,2402,2242,2099,2007,1965,1923,1881,1839,1797,1755,1713,1679,1637,1604,1587,1570,1562,1553,1545,1537,1528,1520,1511,1503,1503,1503,1495,1495 
Battery storage (8hrs storage),Step Change,Darling Downs,SQ,Q8,104.9%,2940,2658,2444,2282,2137,2043,2000,1957,1915,1872,1829,1786,1744,1709,1667,1632,1615,1598,1590,1581,1573,1564,1556,1547,1538,1530,1530,1530,1521,1521 
Battery storage (8hrs storage),Step Change,Banana,CQ,Q9,110.2%,3088,2792,2567,2397,2244,2145,2100,2056,2011,1966,1921,1876,1831,1795,1750,1714,1697,1679,1670,1661,1652,1643,1634,1625,1616,1607,1607,1607,1598,1598 
Battery storage (8hrs storage),Step Change,Collinsville,NQ,Q10,108.4%,3037,2745,2525,2357,2207,2110,2066,2021,1977,1933,1889,1845,1801,1765,1721,1686,1668,1651,1642,1633,1624,1615,1607,1598,1589,1580,1580,1580,1571,1571 
Battery storage (8hrs storage),Step Change,North West NSW,NNSW,N1,106.3%,2980,2694,2477,2313,2166,2070,2027,1984,1940,1897,1854,1810,1767,1732,1689,1654,1637,1620,1611,1603,1594,1585,1577,1568,1559,1551,1551,1551,1542,1542 
Battery storage (8hrs storage),Step Change,New England,NNSW,N2,105.5%,2956,2672,2457,2294,2148,2054,2011,1968,1925,1882,1839,1796,1753,1719,1676,1641,1624,1607,1598,1590,1581,1572,1564,1555,1547,1538,1538,1538,1529,1529 
Battery storage (8hrs storage),Step Change,Central-West Orana,CNSW,N3,106.1%,2974,2689,2473,2309,2162,2067,2023,1980,1937,1894,1850,1807,1764,1729,1686,1651,1634,1617,1608,1600,1591,1582,1574,1565,1556,1548,1548,1548,1539,1539 
Battery storage (8hrs storage),Step Change,Broken Hill,SNSW,N4,110.4%,3094,2797,2573,2402,2249,2150,2105,2060,2015,1970,1925,1880,1835,1799,1754,1718,1700,1682,1673,1664,1655,1646,1637,1628,1619,1610,1610,1610,1601,1601 
Battery storage (8hrs storage),Step Change,South West NSW,SNSW,N5,108.9%,3051,2758,2536,2368,2217,2119,2075,2031,1986,1942,1898,1853,1809,1774,1729,1694,1676,1658,1649,1641,1632,1623,1614,1605,1596,1587,1587,1587,1579,1579 
Battery storage (8hrs storage),Step Change,Wagga Wagga,SNSW,N6,103.8%,2908,2629,2417,2257,2113,2020,1978,1936,1893,1851,1809,1766,1724,1690,1648,1614,1597,1581,1572,1564,1555,1547,1538,1530,1521,1513,1513,1513,1504,1504 
Battery storage (8hrs storage),Step Change,Tumut,SNSW,N7,106.0%,2969,2684,2469,2305,2158,2063,2020,1977,1933,1890,1847,1804,1761,1726,1683,1649,1631,1614,1605,1597,1588,1580,1571,1562,1554,1545,1545,1545,1536,1536 
Battery storage (8hrs storage),Step Change,Cooma-Monaro,SNSW,N8,104.5%,2930,2649,2436,2274,2129,2035,1993,1950,1908,1865,1823,1780,1737,1703,1661,1627,1610,1593,1584,1576,1567,1559,1550,1541,1533,1524,1524,1524,1516,1516 
Battery storage (8hrs storage),Step Change,Hunter-Central Coast,CNSW,N9,101.6%,2848,2575,2368,2211,2070,1979,1937,1896,1855,1813,1772,1730,1689,1656,1615,1581,1565,1548,1540,1532,1523,1515,1507,1499,1490,1482,1482,1482,1474,1474 
Battery storage (8hrs storage),Step Change,Hunter Coast,SNW,N10,Not Applicable,Not Applicable,Not Applicable,Not Applicable,Not Applicable,Not Applicable,Not Applicable,Not Applicable,Not Applicable,Not Applicable,Not Applicable,Not Applicable,Not Applicable,Not Applicable,Not Applicable,Not Applicable,Not Applicable,Not Applicable,Not Applicable,Not Applicable,Not Applicable,Not Applicable,Not Applicable,Not Applicable,Not Applicable,Not Applicable,Not Applicable,Not Applicable,Not Applicable,Not Applicable,Not Applicable 
Battery storage (8hrs storage),Step Change,Illawarra Coast,SNW,N11,Not Applicable,Not Applicable,Not Applicable,Not Applicable,Not Applicable,Not Applicable,Not Applicable,Not Applicable,Not Applicable,Not Applicable,Not Applicable,Not Applicable,Not Applicable,Not Applicable,Not Applicable,Not Applicable,Not Applicable,Not Applicable,Not Applicable,Not Applicable,Not Applicable,Not Applicable,Not Applicable,Not Applicable,Not Applicable,Not Applicable,Not Applicable,Not Applicable,Not Applicable,Not Applicable,Not Applicable 
Battery storage (8hrs storage),Step Change,Illawarra,SNW,N12,101.0%,2832,2560,2354,2198,2058,1967,1926,1885,1844,1803,1761,1720,1679,1646,1605,1572,1556,1539,1531,1523,1515,1506,1498,1490,1482,1473,1473,1473,1465,1465 
Battery storage (8hrs storage),Step Change,South Cobar,SNSW,N13,116.6%,3267,2953,2716,2535,2374,2270,2222,2175,2127,2080,2032,1985,1937,1899,1852,1814,1795,1776,1766,1757,1747,1738,1728,1719,1709,1700,1700,1700,1690,1690 
Battery storage (8hrs storage),Step Change,South East SA,SESA,S1,106.2%,2975,2690,2473,2309,2162,2067,2024,1980,1937,1894,1851,1807,1764,1730,1686,1652,1635,1617,1609,1600,1591,1583,1574,1565,1557,1548,1548,1548,1539,1539 
Battery storage (8hrs storage),Step Change,Riverland,CSA,S2,106.4%,2982,2696,2479,2315,2167,2072,2029,1985,1942,1898,1855,1812,1768,1734,1690,1656,1638,1621,1612,1604,1595,1586,1578,1569,1560,1552,1552,1552,1543,1543 
Battery storage (8hrs storage),Step Change,Mid-North SA,CSA,S3,103.5%,2900,2621,2411,2251,2107,2015,1972,1930,1888,1846,1804,1762,1720,1686,1644,1610,1593,1576,1568,1559,1551,1543,1534,1526,1517,1509,1509,1509,1500,1500 
Battery storage (8hrs storage),Step Change,Yorke Peninsula,CSA,S4,105.4%,2955,2672,2457,2294,2148,2053,2010,1967,1924,1881,1838,1795,1752,1718,1675,1641,1624,1606,1598,1589,1581,1572,1563,1555,1546,1538,1538,1538,1529,1529 
Battery storage (8hrs storage),Step Change,Northern SA,NSA,S5,106.1%,2975,2689,2473,2309,2162,2067,2023,1980,1937,1894,1850,1807,1764,1729,1686,1652,1634,1617,1608,1600,1591,1582,1574,1565,1556,1548,1548,1548,1539,1539 
Battery storage (8hrs storage),Step Change,Roxby Downs,NSA,S6,113.3%,3174,2870,2639,2464,2307,2205,2159,2113,2067,2021,1975,1929,1882,1846,1799,1762,1744,1726,1716,1707,1698,1689,1679,1670,1661,1652,1652,1652,1643,1643 
Battery storage (8hrs storage),Step Change,Eastern Eyre Peninsula,NSA,S7,107.8%,3020,2730,2511,2344,2195,2098,2054,2011,1967,1923,1879,1835,1791,1756,1712,1677,1659,1642,1633,1624,1615,1607,1598,1589,1580,1572,1572,1572,1563,1563 
Battery storage (8hrs storage),Step Change,Western Eyre Peninsula,NSA,S8,109.4%,3065,2771,2548,2379,2228,2130,2085,2040,1996,1951,1907,1862,1818,1782,1737,1702,1684,1666,1657,1648,1639,1631,1622,1613,1604,1595,1595,1595,1586,1586 
Battery storage (8hrs storage),Step Change,North East Tasmania,TAS,T1,101.0%,2831,2559,2353,2197,2057,1967,1926,1884,1843,1802,1761,1720,1679,1646,1605,1572,1555,1539,1531,1522,1514,1506,1498,1489,1481,1473,1473,1473,1465,1465 
Battery storage (8hrs storage),Step Change,North West Tasmania,TAS,T2,106.4%,2981,2695,2478,2314,2166,2071,2028,1984,1941,1898,1854,1811,1768,1733,1690,1655,1638,1620,1612,1603,1594,1586,1577,1568,1560,1551,1551,1551,1542,1542 
Battery storage (8hrs storage),Step Change,Central Highlands,TAS,T3,105.4%,2953,2670,2455,2292,2146,2052,2009,1966,1923,1880,1837,1794,1751,1717,1674,1640,1623,1605,1597,1588,1580,1571,1562,1554,1545,1537,1537,1537,1528,1528 
Battery storage (8hrs storage),Step Change,North Tasmania Coast,TAS,T4,Not Applicable,Not Applicable,Not Applicable,Not Applicable,Not Applicable,Not Applicable,Not Applicable,Not Applicable,Not Applicable,Not Applicable,Not Applicable,Not Applicable,Not Applicable,Not Applicable,Not Applicable,Not Applicable,Not Applicable,Not Applicable,Not Applicable,Not Applicable,Not Applicable,Not Applicable,Not Applicable,Not Applicable,Not Applicable,Not Applicable,Not Applicable,Not Applicable,Not Applicable,Not Applicable,Not Applicable 
Battery storage (8hrs storage),Step Change,,NQ,NQ,103.1%,2888,2611,2401,2242,2099,2007,1965,1923,1881,1839,1797,1755,1713,1679,1637,1604,1587,1570,1562,1553,1545,1536,1528,1520,1511,1503,1503,1503,1494,1494 
Battery storage (8hrs storage),Step Change,,CQ,CQ,106.9%,2995,2708,2490,2325,2177,2081,2038,1994,1950,1907,1863,1820,1776,1741,1698,1663,1646,1628,1620,1611,1602,1593,1585,1576,1567,1559,1559,1559,1550,1550 
Battery storage (8hrs storage),Step Change,,GG,GG,103.8%,2909,2630,2419,2258,2114,2021,1979,1937,1894,1852,1810,1768,1725,1692,1649,1615,1598,1582,1573,1565,1556,1548,1539,1531,1522,1514,1514,1514,1505,1505 
Battery storage (8hrs storage),Step Change,,SQ,SQ,100.0%,2802,2534,2330,2175,2037,1947,1906,1866,1825,1784,1743,1703,1662,1629,1589,1556,1540,1523,1515,1507,1499,1491,1483,1474,1466,1458,1458,1458,1450,1450 
Battery storage (8hrs storage),Step Change,,NNSW,NNSW,104.8%,2938,2656,2443,2280,2135,2041,1999,1956,1913,1871,1828,1785,1742,1708,1666,1631,1614,1597,1589,1580,1572,1563,1554,1546,1537,1529,1529,1529,1520,1520 
Battery storage (8hrs storage),Step Change,,CNSW,CNSW,104.1%,2917,2637,2425,2264,2120,2027,1984,1942,1900,1857,1815,1772,1730,1696,1654,1620,1603,1586,1577,1569,1560,1552,1543,1535,1526,1518,1518,1518,1509,1509 
Battery storage (8hrs storage),Step Change,,SNSW,SNSW,101.4%,2841,2569,2362,2205,2065,1974,1933,1892,1850,1809,1768,1726,1685,1652,1611,1578,1561,1545,1536,1528,1520,1512,1503,1495,1487,1479,1479,1479,1470,1470 
Battery storage (8hrs storage),Step Change,,SNW,SNW,100.0%,2802,2534,2330,2175,2037,1947,1906,1866,1825,1784,1743,1703,1662,1629,1589,1556,1540,1523,1515,1507,1499,1491,1483,1474,1466,1458,1458,1458,1450,1450 
Battery storage (8hrs storage),Step Change,,WNV,WNV,100.0%,2802,2534,2330,2175,2037,1947,1906,1866,1825,1784,1743,1703,1662,1629,1589,1556,1540,1523,1515,1507,1499,1491,1483,1474,1466,1458,1458,1458,1450,1450 
Battery storage (8hrs storage),Step Change,,MEL,MEL,100.0%,2802,2534,2330,2175,2037,1947,1906,1866,1825,1784,1743,1703,1662,1629,1589,1556,1540,1523,1515,1507,1499,1491,1483,1474,1466,1458,1458,1458,1450,1450 
Battery storage (8hrs storage),Step Change,,SEV,SEV,100.6%,2820,2549,2344,2189,2049,1959,1918,1877,1836,1795,1754,1713,1672,1639,1598,1566,1549,1533,1525,1516,1508,1500,1492,1484,1475,1467,1467,1467,1459,1459 
Battery storage (8hrs storage),Step Change,,NSA,NSA,106.0%,2969,2685,2469,2305,2158,2063,2020,1977,1934,1890,1847,1804,1761,1726,1683,1649,1631,1614,1606,1597,1588,1580,1571,1562,1554,1545,1545,1545,1536,1536 
Battery storage (8hrs storage),Step Change,,CSA,CSA,100.0%,2802,2534,2330,2175,2037,1947,1906,1866,1825,1784,1743,1703,1662,1629,1589,1556,1540,1523,1515,1507,1499,1491,1483,1474,1466,1458,1458,1458,1450,1450 
Battery storage (8hrs storage),Step Change,,SESA,SESA,106.1%,2973,2688,2472,2308,2161,2066,2023,1979,1936,1893,1850,1807,1763,1729,1686,1651,1634,1616,1608,1599,1590,1582,1573,1565,1556,1547,1547,1547,1539,1539 
Battery storage (8hrs storage),Step Change,,TAS,TAS,100.0%,2802,2534,2330,2175,2037,1947,1906,1866,1825,1784,1743,1703,1662,1629,1589,1556,1540,1523,1515,1507,1499,1491,1483,1474,1466,1458,1458,1458,1450,1450 
Solar Thermal (16hrs storage),Step Change,Far North QLD,NQ,Q1,104.6%,7209,7080,6959,6849,6754,6665,6594,6534,6505,6490,6497,6500,6520,6405,6352,6314,6269,6238,6212,6155,6073,5970,5900,5852,5821,5791,5756,5735,5719,5718 
Solar Thermal (16hrs storage),Step Change,North Qld Clean Energy Hub,NQ,Q2,120.2%,8285,8137,7998,7872,7762,7660,7578,7510,7476,7459,7467,7470,7493,7361,7301,7256,7204,7170,7140,7073,6980,6862,6781,6726,6690,6655,6615,6591,6573,6572 
Solar Thermal (16hrs storage),Step Change,Northern Qld,NQ,Q3,107.9%,7436,7304,7179,7065,6967,6875,6802,6740,6710,6695,6702,6705,6725,6607,6553,6513,6466,6435,6408,6349,6265,6159,6087,6037,6005,5973,5938,5916,5900,5899 
Solar Thermal (16hrs storage),Step Change,Isaac,CQ,Q4,111.0%,7649,7513,7384,7267,7166,7072,6996,6933,6902,6887,6893,6897,6918,6796,6740,6699,6651,6619,6591,6530,6444,6335,6261,6210,6176,6144,6107,6085,6069,6068 
Solar Thermal (16hrs storage),Step Change,Barcaldine,CQ,Q5,118.4%,8160,8014,7877,7753,7645,7544,7464,7396,7363,7347,7354,7357,7380,7249,7190,7146,7096,7061,7032,6966,6874,6758,6679,6624,6589,6554,6515,6492,6474,6473 
Solar Thermal (16hrs storage),Step Change,Fitzroy,CQ,Q6,108.7%,7494,7361,7234,7120,7021,6929,6855,6793,6762,6747,6754,6757,6778,6658,6604,6563,6517,6485,6458,6398,6313,6207,6134,6084,6051,6020,5984,5962,5946,5945 
Solar Thermal (16hrs storage),Step Change,Wide Bay,SQ,Q7,103.8%,7154,7027,6906,6797,6703,6615,6544,6485,6456,6441,6448,6451,6470,6356,6304,6266,6221,6191,6165,6108,6027,5925,5856,5808,5777,5747,5713,5692,5676,5675 
Solar Thermal (16hrs storage),Step Change,Darling Downs,SQ,Q8,106.1%,7313,7183,7060,6948,6852,6761,6689,6629,6599,6584,6591,6594,6614,6497,6444,6405,6359,6328,6302,6244,6161,6057,5986,5937,5905,5874,5839,5818,5802,5801 
Solar Thermal (16hrs storage),Step Change,Banana,CQ,Q9,113.1%,7794,7655,7524,7405,7302,7206,7129,7065,7033,7017,7024,7027,7049,6924,6868,6826,6777,6745,6716,6654,6566,6455,6379,6327,6293,6261,6223,6201,6184,6183 
Solar Thermal (16hrs storage),Step Change,Collinsville,NQ,Q10,111.0%,7647,7511,7382,7265,7164,7070,6995,6931,6900,6885,6891,6895,6916,6794,6738,6697,6650,6617,6590,6529,6442,6333,6259,6208,6175,6142,6106,6084,6067,6066 
Solar Thermal (16hrs storage),Step Change,North West NSW,NNSW,N1,107.3%,7395,7263,7139,7026,6929,6837,6765,6703,6673,6658,6665,6668,6688,6570,6517,6477,6431,6400,6373,6314,6230,6125,6053,6004,5972,5940,5905,5884,5867,5866 
Solar Thermal (16hrs storage),Step Change,New England,NNSW,N2,106.6%,7349,7217,7094,6982,6885,6794,6722,6661,6631,6616,6622,6626,6646,6529,6475,6436,6390,6359,6332,6274,6191,6086,6015,5966,5934,5903,5868,5846,5830,5829 
Solar Thermal (16hrs storage),Step Change,Central-West Orana,CNSW,N3,107.5%,7409,7276,7152,7039,6941,6850,6777,6715,6685,6670,6677,6680,6700,6582,6528,6488,6442,6411,6384,6325,6241,6136,6064,6014,5982,5951,5916,5894,5878,5877 
Solar Thermal (16hrs storage),Step Change,Broken Hill,SNSW,N4,112.7%,7766,7628,7497,7379,7276,7180,7104,7040,7008,6992,6999,7002,7024,6900,6843,6802,6753,6721,6692,6630,6543,6432,6357,6305,6271,6238,6201,6179,6162,6161 
Solar Thermal (16hrs storage),Step Change,South West NSW,SNSW,N5,111.6%,7692,7554,7425,7308,7206,7111,7036,6972,6941,6925,6932,6935,6956,6834,6778,6736,6688,6656,6628,6567,6480,6370,6296,6244,6211,6178,6142,6119,6103,6101 
Solar Thermal (16hrs storage),Step Change,Wagga Wagga,SNSW,N6,104.1%,7174,7046,6925,6816,6721,6633,6562,6502,6473,6459,6465,6468,6488,6373,6321,6283,6238,6208,6182,6125,6043,5941,5872,5824,5793,5762,5728,5707,5692,5691 
Solar Thermal (16hrs storage),Step Change,Tumut,SNSW,N7,107.8%,7430,7298,7173,7059,6961,6870,6796,6735,6705,6690,6696,6699,6720,6601,6547,6507,6461,6430,6403,6344,6259,6154,6082,6032,6000,5968,5933,5911,5895,5894 
Solar Thermal (16hrs storage),Step Change,Cooma-Monaro,SNSW,N8,106.3%,7327,7197,7073,6962,6865,6775,6702,6642,6612,6597,6603,6607,6627,6510,6457,6417,6372,6341,6314,6256,6173,6069,5997,5948,5917,5886,5851,5829,5813,5812 
Solar Thermal (16hrs storage),Step Change,Hunter-Central Coast,CNSW,N9,102.2%,7041,6915,6797,6690,6597,6510,6440,6382,6354,6339,6345,6348,6368,6255,6204,6167,6123,6093,6067,6011,5932,5831,5763,5716,5685,5656,5622,5602,5586,5585 
Solar Thermal (16hrs storage),Step Change,Hunter Coast,SNW,N10,Not Applicable,Not Applicable,Not Applicable,Not Applicable,Not Applicable,Not Applicable,Not Applicable,Not Applicable,Not Applicable,Not Applicable,Not Applicable,Not Applicable,Not Applicable,Not Applicable,Not Applicable,Not Applicable,Not Applicable,Not Applicable,Not Applicable,Not Applicable,Not Applicable,Not Applicable,Not Applicable,Not Applicable,Not Applicable,Not Applicable,Not Applicable,Not Applicable,Not Applicable,Not Applicable,Not Applicable 
Solar Thermal (16hrs storage),Step Change,Illawarra Coast,SNW,N11,Not Applicable,Not Applicable,Not Applicable,Not Applicable,Not Applicable,Not Applicable,Not Applicable,Not Applicable,Not Applicable,Not Applicable,Not Applicable,Not Applicable,Not Applicable,Not Applicable,Not Applicable,Not Applicable,Not Applicable,Not Applicable,Not Applicable,Not Applicable,Not Applicable,Not Applicable,Not Applicable,Not Applicable,Not Applicable,Not Applicable,Not Applicable,Not Applicable,Not Applicable,Not Applicable,Not Applicable 
Solar Thermal (16hrs storage),Step Change,Illawarra,SNW,N12,101.3%,6983,6859,6741,6635,6543,6456,6388,6330,6301,6287,6293,6296,6316,6204,6153,6116,6072,6043,6018,5962,5883,5784,5716,5669,5639,5609,5576,5556,5540,5539 
Solar Thermal (16hrs storage),Step Change,South Cobar,SNSW,N13,121.4%,8365,8216,8075,7948,7837,7734,7652,7583,7549,7532,7539,7543,7566,7432,7371,7326,7274,7239,7209,7142,7047,6928,6847,6791,6755,6720,6680,6655,6637,6636 
Solar Thermal (16hrs storage),Step Change,South East SA,SESA,S1,108.2%,7460,7327,7201,7088,6989,6897,6824,6762,6732,6716,6723,6726,6747,6628,6574,6533,6487,6456,6429,6369,6285,6178,6106,6056,6024,5992,5957,5935,5919,5918 
Solar Thermal (16hrs storage),Step Change,Riverland,CSA,S2,108.1%,7448,7315,7190,7076,6978,6886,6812,6751,6721,6705,6712,6715,6736,6617,6563,6523,6476,6445,6418,6359,6274,6168,6096,6046,6014,5983,5947,5925,5909,5908 
Solar Thermal (16hrs storage),Step Change,Mid-North SA,CSA,S3,104.3%,7190,7062,6941,6831,6736,6648,6577,6517,6488,6473,6480,6483,6503,6388,6336,6297,6252,6222,6196,6139,6057,5955,5885,5837,5806,5776,5741,5720,5705,5704 
Solar Thermal (16hrs storage),Step Change,Yorke Peninsula,CSA,S4,106.9%,7366,7234,7110,6998,6901,6810,6737,6676,6647,6632,6638,6641,6662,6544,6491,6451,6405,6374,6347,6289,6205,6100,6029,5980,5948,5917,5881,5860,5844,5843 
Solar Thermal (16hrs storage),Step Change,Northern SA,NSA,S5,107.1%,7379,7247,7123,7011,6913,6822,6750,6689,6659,6644,6650,6653,6674,6556,6502,6463,6417,6386,6359,6300,6216,6111,6040,5990,5958,5927,5892,5871,5855,5853 
Solar Thermal (16hrs storage),Step Change,Roxby Downs,NSA,S6,116.6%,8036,7893,7758,7635,7529,7430,7351,7284,7252,7235,7242,7246,7268,7140,7081,7038,6988,6954,6925,6861,6770,6656,6578,6524,6489,6455,6417,6393,6376,6375 
Solar Thermal (16hrs storage),Step Change,Eastern Eyre Peninsula,NSA,S7,108.6%,7485,7352,7226,7112,7013,6921,6847,6785,6754,6739,6746,6749,6770,6650,6596,6556,6509,6477,6450,6391,6306,6199,6127,6077,6044,6013,5977,5955,5939,5938 
Solar Thermal (16hrs storage),Step Change,Western Eyre Peninsula,NSA,S8,110.7%,7632,7496,7367,7251,7150,7056,6981,6918,6887,6871,6878,6881,6902,6780,6725,6684,6636,6604,6577,6516,6429,6321,6247,6196,6162,6130,6094,6072,6055,6054 
Solar Thermal (16hrs storage),Step Change,North East Tasmania,TAS,T1,100.9%,6952,6828,6711,6605,6513,6428,6359,6302,6273,6259,6265,6268,6287,6176,6126,6089,6045,6016,5991,5935,5857,5758,5690,5644,5614,5584,5551,5531,5516,5515 
Solar Thermal (16hrs storage),Step Change,North West Tasmania,TAS,T2,108.8%,7496,7362,7236,7121,7022,6930,6856,6794,6764,6748,6755,6758,6779,6659,6605,6565,6518,6486,6459,6399,6314,6208,6135,6085,6052,6021,5985,5963,5947,5946 
Solar Thermal (16hrs storage),Step Change,Central Highlands,TAS,T3,107.0%,7374,7242,7118,7006,6908,6817,6745,6684,6654,6639,6645,6648,6669,6551,6498,6458,6412,6381,6354,6295,6212,6107,6035,5986,5954,5923,5888,5866,5850,5849
Solar Thermal (16hrs storage),Step Change,North Tasmania Coast,TAS,T4,Not Applicable,Not Applicable,Not Applicable,Not Applicable,Not Applicable,Not Applicable,Not Applicable,Not Applicable,Not Applicable,Not Applicable,Not Applicable,Not Applicable,Not Applicable,Not Applicable,Not Applicable,Not Applicable,Not Applicable,Not Applicable,Not Applicable,Not Applicable,Not Applicable,Not Applicable,Not Applicable,Not Applicable,Not Applicable,Not Applicable,Not Applicable,Not Applicable,Not Applicable,Not Applicable,Not Applicable 