Flow Path,Option,2022,2023,2024,2025,2026,2027,2028,2029,2030,2031,2032,2033,2034,2035,2036,2037,2038,2039,2040,2041,2042,2043,2044,2045,2046,2047,2048,2049,2050,2051,2052,2053,2054
CQ-NQ,CQ-NQ Option 1,1239,1241,1260,1279,1294,1302,1312,1321,1328,1333,1335,1337,1339,1341,1343,1345,1348,1350,1352,1354,1357,1359,1361,1363,1365,1368,1370,1372,1374,1377,1379,1381,1383
CQ-NQ,CQ-NQ Option 2,4184,4201,4258,4320,4366,4394,4425,4454,4479,4491,4496,4501,4506,4511,4516,4522,4527,4533,4538,4544,4549,4555,4561,4566,4572,4577,4583,4588,4594,4600,4605,4611,4616
CQ-GG,CQ-GG Option 1,1300,1304,1325,1347,1362,1371,1381,1390,1398,1402,1404,1406,1408,1410,1412,1414,1417,1419,1421,1423,1425,1427,1429,1432,1434,1436,1438,1440,1442,1445,1447,1449,1451
SQ-CQ,SQ-CQ Option 1,819,822,834,847,857,863,870,875,881,882,884,885,887,889,890,892,893,895,897,899,900,902,904,906,907,909,911,912,914,916,918,919,921
SQ-CQ,SQ-CQ Option 2,77,77,79,81,81,82,82,82,83,83,83,83,83,83,83,83,83,83,83,83,83,83,83,83,83,83,83,83,83,83,83,83,83
SQ-CQ,SQ-CQ Option 3,1439,1439,1448,1330,1230,1138,1056,982,915,858,806,791,776,761,749,736,723,710,699,689,678,669,663,652,644,635,629,620,614,607,601,595,588
SQ-CQ,CQ-SQ Option 4,1853,1874,1912,1947,1969,1980,1990,2001,2013,2017,2020,2022,2025,2028,2030,2033,2036,2039,2041,2044,2047,2050,2053,2056,2058,2061,2064,2067,2070,2073,2075,2078,2081
SQ-CQ,CQ-SQ Option 5,3287,3300,3350,3403,3440,3460,3483,3505,3526,3534,3539,3543,3548,3552,3557,3562,3566,3571,3576,3581,3586,3591,3596,3601,3606,3611,3616,3621,3625,3630,3635,3640,3645
NNSW-SQ QNI,NNSW–SQ Option 1,930,934,951,970,987,994,1003,1011,1019,1026,1029,1033,1037,1041,1045,1049,1053,1057,1062,1066,1070,1074,1079,1083,1087,1091,1095,1100,1104,1108,1112,1117,1121
NNSW-SQ QNI,NNSW–SQ Option 2,1210,1214,1235,1258,1265,1274,1284,1294,1303,1309,1313,1317,1321,1325,1329,1334,1338,1342,1347,1351,1355,1360,1364,1369,1373,1377,1382,1386,1391,1395,1399,1404,1408
NNSW-SQ QNI,NNSW–SQ Option 3,1439,1439,1448,1330,1230,1138,1056,982,915,858,806,791,776,761,749,736,723,710,699,689,678,669,663,652,644,635,629,620,614,607,601,595,588
NNSW-SQ QNI,NNSW–SQ Option 4,4279,4333,4418,4503,4560,4587,4614,4642,4671,4693,4699,4706,4712,4719,4726,4733,4740,4748,4755,4762,4770,4777,4784,4792,4799,4806,4814,4821,4828,4836,4843,4850,4858
NNSW-SQ QNI,NNSW–SQ Option 5,2600,2616,2655,2702,2741,2760,2782,2802,2822,2833,2840,2847,2854,2862,2869,2877,2885,2892,2900,2908,2916,2924,2932,2940,2948,2956,2964,2972,2980,2988,2996,3004,3011
CNSW–NNSW QNI,CNSW-NNSW Option 1,1834,1840,1870,1901,1921,1931,1943,1955,1967,1977,1980,1982,1984,1986,1989,1991,1993,1996,1998,2001,2003,2005,2008,2010,2013,2015,2018,2020,2022,2025,2027,2030,2032
CNSW–NNSW QNI,CNSW-NNSW Option 2,1493,1498,1522,1547,1564,1573,1584,1594,1604,1615,1617,1619,1621,1623,1625,1628,1630,1632,1635,1637,1639,1642,1644,1646,1649,1651,1654,1656,1658,1661,1663,1665,1668
CNSW–NNSW QNI,CNSW-NNSW Option 3,2452,2463,2503,2545,2576,2591,2610,2627,2644,2666,2671,2675,2679,2684,2688,2693,2697,2702,2707,2712,2716,2721,2726,2731,2735,2740,2745,2750,2754,2759,2764,2769,2773
CNSW–NNSW QNI,CNSW-NNSW Option 4,2544,2571,2622,2667,2695,2708,2721,2736,2751,2762,2764,2767,2769,2772,2774,2777,2779,2782,2785,2787,2790,2792,2795,2798,2800,2803,2806,2808,2811,2814,2816,2819,2821
CNSW–NNSW QNI,CNSW-NNSW Option 5,2796,2825,2880,2929,2960,2975,2991,3007,3024,3038,3041,3044,3047,3050,3053,3056,3059,3062,3065,3068,3071,3074,3078,3081,3084,3087,3090,3093,3097,3100,3103,3106,3109
CNSW­–SNW North,CNSW-SNW Option 1,926,931,947,965,978,984,992,999,1006,1013,1015,1018,1020,1023,1025,1028,1031,1033,1036,1039,1042,1044,1047,1050,1053,1055,1058,1061,1064,1066,1069,1072,1075
CNSW–SNW South,CNSW-SNW Option 2,1550,1560,1587,1618,1640,1651,1663,1675,1686,1699,1703,1706,1711,1715,1719,1723,1728,1732,1736,1741,1745,1750,1754,1759,1763,1768,1772,1777,1781,1785,1790,1794,1799
CNSW–SNW South,CNSW-SNW Option 2b,553,557,567,579,590,595,601,606,611,620,623,625,628,631,634,637,639,642,645,648,651,654,657,660,663,666,669,672,675,678,681,684,687
CNSW­–SNW North AND South,CNSW-SNW Option 3,2039,2052,2088,2128,2158,2173,2189,2205,2220,2237,2242,2248,2254,2260,2266,2272,2278,2284,2290,2297,2303,2309,2316,2322,2328,2334,2341,2347,2353,2360,2366,2372,2379
CNSW­–SNW North,CNSW-SNW Option 4,2470,2489,2532,2583,2624,2642,2663,2684,2703,2729,2737,2745,2754,2762,2771,2780,2789,2798,2807,2816,2825,2835,2844,2853,2862,2871,2881,2890,2899,2908,2917,2927,2936
CNSW­–SNW North,CNSW-SNW Option 6a,1833,1845,1877,1914,1944,1958,1973,1988,2002,2021,2027,2033,2039,2045,2052,2058,2065,2072,2079,2085,2092,2099,2106,2113,2119,2126,2133,2140,2147,2153,2160,2167,2174
CNSW­–SNW North,CNSW-SNW Option 6b,1411,1421,1447,1475,1495,1505,1516,1527,1537,1548,1552,1555,1559,1563,1567,1571,1575,1579,1583,1587,1591,1595,1599,1603,1607,1611,1615,1619,1623,1627,1632,1636,1640
SNSW–CNSW Humelink,SNSW-CNSW Option 1 (HumeLink),#N/A,#N/A,#N/A,#N/A,#N/A,4892,4926,4957,4987,4995,5003,5012,5020,5029,5038,5047,5056,5065,5075,5084,5093,5103,5112,5121,5131,5140,5150,5159,5168,5178,5187,5197,5206
SNSW–CNSW Humelink,SNSW-CNSW Option 2,2450,2478,2527,2571,2598,2611,2624,2637,2652,2662,2664,2667,2669,2671,2674,2676,2679,2681,2684,2687,2689,2692,2694,2697,2699,2702,2705,2707,2710,2712,2715,2717,2720
SNSW–CNSW Humelink,SNSW-CNSW Option 3,3014,3031,3076,3128,3168,3188,3212,3234,3255,3282,3288,3294,3300,3307,3313,3320,3327,3334,3341,3348,3355,3361,3368,3375,3382,3389,3396,3403,3410,3417,3424,3431,3438
SNSW–CNSW Humelink,SNSW-CNSW Option 4,2370,2384,2421,2464,2499,2516,2536,2554,2571,2601,2607,2613,2620,2626,2633,2640,2647,2654,2661,2668,2675,2682,2689,2696,2704,2711,2718,2725,2732,2739,2746,2753,2760
VIC–SNSW VNI,VIC-SNSW Option 1 - VNI West (Kerang),3614,3628,3685,3743,3781,3801,3825,3848,3870,3886,3890,3894,3899,3903,3908,3912,3917,3922,3926,3931,3936,3941,3945,3950,3955,3960,3965,3969,3974,3979,3984,3988,3993
TAS-VIC Marinus Link,TAS-VIC Option 1 (Marinus Link stage 1),#N/A,#N/A,#N/A,#N/A,#N/A,#N/A,#N/A,2701,2722,2731,2740,2749,2758,2768,2777,2787,2797,2807,2817,2827,2837,2847,2857,2867,2878,2888,2898,2908,2918,2928,2938,2948,2958
TAS-VIC Marinus Link,TAS-VIC Option 2 (Marinus Link stage 2),#N/A,#N/A,#N/A,#N/A,#N/A,#N/A,#N/A,1591,1603,1607,1610,1614,1618,1622,1626,1630,1635,1639,1643,1648,1652,1656,1660,1665,1669,1673,1678,1682,1686,1691,1695,1699,1704
VIC-SESA Heywood,VIC-SESA Option 1,892,895,910,926,938,944,951,958,964,969,971,973,975,977,979,982,984,986,989,991,994,996,998,1001,1003,1006,1008,1010,1013,1015,1017,1020,1022
VIC-SESA Heywood,VIC-SESA Option 2,1363,1369,1390,1413,1430,1439,1449,1459,1468,1473,1476,1478,1481,1483,1486,1489,1491,1494,1497,1500,1502,1505,1508,1511,1514,1516,1519,1522,1525,1527,1530,1533,1536
SESA-CSA,SESA-CSA Option 1,1807,1817,1846,1880,1908,1921,1936,1950,1963,1971,1977,1982,1987,1993,1999,2004,2010,2016,2022,2028,2034,2040,2046,2052,2058,2064,2070,2076,2082,2088,2094,2100,2106
