Technology type,Cost scenario,Candidate REZ,Sub-region,Cost zone,Locational cost factor,2022-23,2023-24,2024-25,2025-26,2026-27,2027-28,2028-29,2029-30,2030-31,2031-32,2032-33,2033-34,2034-35,2035-36,2036-37,2037-38,2038-39,2039-40,2040-41,2041-42,2042-43,2043-44,2044-45,2045-46,2046-47,2047-48,2048-49,2049-50,2050-51,2051-52,2052-53,2053-54
Large scale Solar PV,Step Change,Far North QLD,NQ,QLD Low,101.0%,1698,1637,1538,1456,1390,1325,1263,1203,1157,1117,1095,1068,1045,997,934,859,799,762,742,730,716,704,690,675,662,652,644,638,633,627,624,617 
Large scale Solar PV,Step Change,North Qld Clean Energy Hub,NQ,QLD Low,101.0%,1698,1637,1538,1456,1390,1325,1263,1203,1157,1117,1095,1068,1045,997,934,859,799,762,742,730,716,704,690,675,662,652,644,638,633,627,624,617 
Large scale Solar PV,Step Change,Northern Qld,NQ,QLD Low,101.0%,1698,1637,1538,1456,1390,1325,1263,1203,1157,1117,1095,1068,1045,997,934,859,799,762,742,730,716,704,690,675,662,652,644,638,633,627,624,617 
Large scale Solar PV,Step Change,Isaac,CQ,QLD Low,101.0%,1698,1637,1538,1456,1390,1325,1263,1203,1157,1117,1095,1068,1045,997,934,859,799,762,742,730,716,704,690,675,662,652,644,638,633,627,624,617 
Large scale Solar PV,Step Change,Barcaldine,CQ,QLD Medium,106.5%,1790,1726,1622,1535,1466,1397,1331,1269,1220,1177,1155,1126,1102,1051,985,905,843,804,782,770,755,742,728,712,698,688,679,673,667,662,658,650 
Large scale Solar PV,Step Change,Fitzroy,CQ,QLD Low,101.0%,1698,1637,1538,1456,1390,1325,1263,1203,1157,1117,1095,1068,1045,997,934,859,799,762,742,730,716,704,690,675,662,652,644,638,633,627,624,617 
Large scale Solar PV,Step Change,Wide Bay,SQ,QLD Low,101.0%,1698,1637,1538,1456,1390,1325,1263,1203,1157,1117,1095,1068,1045,997,934,859,799,762,742,730,716,704,690,675,662,652,644,638,633,627,624,617 
Large scale Solar PV,Step Change,Darling Downs,SQ,QLD Low,101.0%,1698,1637,1538,1456,1390,1325,1263,1203,1157,1117,1095,1068,1045,997,934,859,799,762,742,730,716,704,690,675,662,652,644,638,633,627,624,617 
Large scale Solar PV,Step Change,Banana,CQ,QLD Medium,106.5%,1790,1726,1622,1535,1466,1397,1331,1269,1220,1177,1155,1126,1102,1051,985,905,843,804,782,770,755,742,728,712,698,688,679,673,667,662,658,650 
Large scale Solar PV,Step Change,North West NSW,NNSW,NSW Medium,106.4%,1788,1725,1620,1534,1464,1396,1330,1267,1218,1176,1154,1125,1101,1050,984,904,842,803,782,769,754,742,727,711,697,687,678,672,667,661,658,650 
Large scale Solar PV,Step Change,New England,NNSW,NSW Low,101.0%,1698,1637,1538,1456,1390,1325,1263,1203,1157,1117,1095,1068,1045,997,934,859,799,762,742,730,716,704,690,675,662,652,644,638,633,627,624,617 
Large scale Solar PV,Step Change,Central-West Orana,CNSW,NSW Medium,106.4%,1788,1725,1620,1534,1464,1396,1330,1267,1218,1176,1154,1125,1101,1050,984,904,842,803,782,769,754,742,727,711,697,687,678,672,667,661,658,650 
Large scale Solar PV,Step Change,Broken Hill,SNSW,NSW High,109.6%,1842,1776,1668,1579,1508,1437,1370,1305,1255,1211,1188,1159,1134,1081,1013,931,867,827,805,792,777,764,749,732,718,708,698,692,687,681,677,669 
Large scale Solar PV,Step Change,South West NSW,SNSW,NSW High,109.6%,1842,1776,1668,1579,1508,1437,1370,1305,1255,1211,1188,1159,1134,1081,1013,931,867,827,805,792,777,764,749,732,718,708,698,692,687,681,677,669 
Large scale Solar PV,Step Change,Wagga Wagga,SNSW,NSW Medium,106.4%,1788,1725,1620,1534,1464,1396,1330,1267,1218,1176,1154,1125,1101,1050,984,904,842,803,782,769,754,742,727,711,697,687,678,672,667,661,658,650 
Large scale Solar PV,Step Change,Tumut,SNSW,NSW Medium,106.4%,1788,1725,1620,1534,1464,1396,1330,1267,1218,1176,1154,1125,1101,1050,984,904,842,803,782,769,754,742,727,711,697,687,678,672,667,661,658,650 
Large scale Solar PV,Step Change,Cooma-Monaro,SNSW,NSW Medium,106.4%,1788,1725,1620,1534,1464,1396,1330,1267,1218,1176,1154,1125,1101,1050,984,904,842,803,782,769,754,742,727,711,697,687,678,672,667,661,658,650 
Large scale Solar PV,Step Change,Hunter-Central Coast,CNSW,NSW Low,101.0%,1698,1637,1538,1456,1390,1325,1263,1203,1157,1117,1095,1068,1045,997,934,859,799,762,742,730,716,704,690,675,662,652,644,638,633,627,624,617 
Large scale Solar PV,Step Change,Hunter Coast,SNW,NSW Low,101.0%,1698,1637,1538,1456,1390,1325,1263,1203,1157,1117,1095,1068,1045,997,934,859,799,762,742,730,716,704,690,675,662,652,644,638,633,627,624,617 
Large scale Solar PV,Step Change,Illawarra Coast,SNW,NSW Low,101.0%,1698,1637,1538,1456,1390,1325,1263,1203,1157,1117,1095,1068,1045,997,934,859,799,762,742,730,716,704,690,675,662,652,644,638,633,627,624,617 
Large scale Solar PV,Step Change,Illawarra,SNW,NSW Low,101.0%,1698,1637,1538,1456,1390,1325,1263,1203,1157,1117,1095,1068,1045,997,934,859,799,762,742,730,716,704,690,675,662,652,644,638,633,627,624,617 
Large scale Solar PV,Step Change,Ovens Murray,VIC,VIC Medium,102.0%,1714,1653,1553,1470,1404,1338,1275,1215,1168,1128,1106,1079,1056,1007,943,867,807,770,749,737,723,711,697,682,669,659,650,645,639,634,630,623 
Large scale Solar PV,Step Change,Murray River,VIC,VIC Medium,102.0%,1714,1653,1553,1470,1404,1338,1275,1215,1168,1128,1106,1079,1056,1007,943,867,807,770,749,737,723,711,697,682,669,659,650,645,639,634,630,623 
Large scale Solar PV,Step Change,Western Victoria,VIC,VIC Medium,102.0%,1714,1653,1553,1470,1404,1338,1275,1215,1168,1128,1106,1079,1056,1007,943,867,807,770,749,737,723,711,697,682,669,659,650,645,639,634,630,623 
Large scale Solar PV,Step Change,South West Victoria,VIC,VIC Medium,102.0%,1714,1653,1553,1470,1404,1338,1275,1215,1168,1128,1106,1079,1056,1007,943,867,807,770,749,737,723,711,697,682,669,659,650,645,639,634,630,623 
Large scale Solar PV,Step Change,Gippsland,VIC,VIC Low,101.0%,1698,1637,1538,1456,1390,1325,1263,1203,1157,1117,1095,1068,1045,997,934,859,799,762,742,730,716,704,690,675,662,652,644,638,633,627,624,617 
Large scale Solar PV,Step Change,Central North Vic,VIC,VIC High,101.9%,1713,1652,1552,1469,1402,1337,1274,1214,1167,1127,1105,1078,1055,1006,943,866,806,769,749,737,722,710,696,681,668,658,649,644,639,633,630,622 
Large scale Solar PV,Step Change,Gippsland Coast,VIC,VIC Low,101.0%,1698,1637,1538,1456,1390,1325,1263,1203,1157,1117,1095,1068,1045,997,934,859,799,762,742,730,716,704,690,675,662,652,644,638,633,627,624,617 
Large scale Solar PV,Step Change,Southern Ocean,VIC,VIC Low,101.0%,1698,1637,1538,1456,1390,1325,1263,1203,1157,1117,1095,1068,1045,997,934,859,799,762,742,730,716,704,690,675,662,652,644,638,633,627,624,617 
Large scale Solar PV,Step Change,South East SA,SESA,SA Low,101.0%,1698,1637,1538,1456,1390,1325,1263,1203,1157,1117,1095,1068,1045,997,934,859,799,762,742,730,716,704,690,675,662,652,644,638,633,627,624,617 
Large scale Solar PV,Step Change,Riverland,CSA,SA Low,101.0%,1698,1637,1538,1456,1390,1325,1263,1203,1157,1117,1095,1068,1045,997,934,859,799,762,742,730,716,704,690,675,662,652,644,638,633,627,624,617 
Large scale Solar PV,Step Change,Mid-North SA,CSA,SA Low,101.0%,1698,1637,1538,1456,1390,1325,1263,1203,1157,1117,1095,1068,1045,997,934,859,799,762,742,730,716,704,690,675,662,652,644,638,633,627,624,617 
Large scale Solar PV,Step Change,Yorke Peninsula,CSA,SA Low,101.0%,1698,1637,1538,1456,1390,1325,1263,1203,1157,1117,1095,1068,1045,997,934,859,799,762,742,730,716,704,690,675,662,652,644,638,633,627,624,617 
Large scale Solar PV,Step Change,Northern SA,CSA,SA Medium,105.5%,1774,1711,1607,1521,1452,1385,1319,1257,1209,1167,1144,1116,1092,1042,976,897,835,797,775,763,748,736,721,705,692,682,673,667,661,656,652,644 
Large scale Solar PV,Step Change,Leigh Creek,CSA,SA Medium,105.5%,1774,1711,1607,1521,1452,1385,1319,1257,1209,1167,1144,1116,1092,1042,976,897,835,797,775,763,748,736,721,705,692,682,673,667,661,656,652,644 
Large scale Solar PV,Step Change,Roxby Downs,CSA,SA Medium,105.5%,1774,1711,1607,1521,1452,1385,1319,1257,1209,1167,1144,1116,1092,1042,976,897,835,797,775,763,748,736,721,705,692,682,673,667,661,656,652,644 
Large scale Solar PV,Step Change,Eastern Eyre Peninsula,CSA,SA Medium,105.5%,1774,1711,1607,1521,1452,1385,1319,1257,1209,1167,1144,1116,1092,1042,976,897,835,797,775,763,748,736,721,705,692,682,673,667,661,656,652,644 
Large scale Solar PV,Step Change,Western Eyre Peninsula,CSA,SA Medium,105.5%,1774,1711,1607,1521,1452,1385,1319,1257,1209,1167,1144,1116,1092,1042,976,897,835,797,775,763,748,736,721,705,692,682,673,667,661,656,652,644 
Large scale Solar PV,Step Change,South East SA Coast,SESA,SA Low,101.0%,1698,1637,1538,1456,1390,1325,1263,1203,1157,1117,1095,1068,1045,997,934,859,799,762,742,730,716,704,690,675,662,652,644,638,633,627,624,617 
Large scale Solar PV,Step Change,North East Tasmania,TAS,TAS Low,101.0%,1698,1637,1538,1456,1390,1325,1263,1203,1157,1117,1095,1068,1045,997,934,859,799,762,742,730,716,704,690,675,662,652,644,638,633,627,624,617 
Large scale Solar PV,Step Change,North West Tasmania,TAS,TAS Medium,106.0%,1781,1718,1614,1527,1458,1390,1325,1262,1214,1172,1149,1121,1097,1046,980,901,839,800,778,766,751,739,724,708,695,684,675,670,664,658,655,647 
Large scale Solar PV,Step Change,Central Highlands,TAS,TAS Low,101.0%,1698,1637,1538,1456,1390,1325,1263,1203,1157,1117,1095,1068,1045,997,934,859,799,762,742,730,716,704,690,675,662,652,644,638,633,627,624,617 
Large scale Solar PV,Step Change,North Tasmania Coast,TAS,TAS Low,101.0%,1698,1637,1538,1456,1390,1325,1263,1203,1157,1117,1095,1068,1045,997,934,859,799,762,742,730,716,704,690,675,662,652,644,638,633,627,624,617 
Large scale Solar PV,Step Change,New South Wales Non-REZ,CNSW,NSW Medium,106.4%,1788,1725,1620,1534,1464,1396,1330,1267,1218,1176,1154,1125,1101,1050,984,904,842,803,782,769,754,742,727,711,697,687,678,672,667,661,658,650 
Large scale Solar PV,Step Change,Victoria Non-REZ,VIC,VIC Medium,102.0%,1714,1653,1553,1470,1404,1338,1275,1215,1168,1128,1106,1079,1056,1007,943,867,807,770,749,737,723,711,697,682,669,659,650,645,639,634,630,623 
Solar Thermal (15hrs storage),Step Change,Far North QLD,NQ,QLD Low,100.0%,6977,6809,6583,6310,6060,5867,5731,5619,5479,5312,5133,4975,4843,4736,4655,4580,4516,4446,4389,4323,4255,4182,4116,4057,3986,3906,3812,3721,3656,3593,3530,3468 
Solar Thermal (15hrs storage),Step Change,North Qld Clean Energy Hub,NQ,QLD Low,100.0%,6977,6809,6583,6310,6060,5867,5731,5619,5479,5312,5133,4975,4843,4736,4655,4580,4516,4446,4389,4323,4255,4182,4116,4057,3986,3906,3812,3721,3656,3593,3530,3468 
Solar Thermal (15hrs storage),Step Change,Northern Qld,NQ,QLD Low,100.0%,6977,6809,6583,6310,6060,5867,5731,5619,5479,5312,5133,4975,4843,4736,4655,4580,4516,4446,4389,4323,4255,4182,4116,4057,3986,3906,3812,3721,3656,3593,3530,3468 
Solar Thermal (15hrs storage),Step Change,Isaac,CQ,QLD Low,100.0%,6977,6809,6583,6310,6060,5867,5731,5619,5479,5312,5133,4975,4843,4736,4655,4580,4516,4446,4389,4323,4255,4182,4116,4057,3986,3906,3812,3721,3656,3593,3530,3468 
Solar Thermal (15hrs storage),Step Change,Barcaldine,CQ,QLD Medium,106.9%,7461,7282,7039,6748,6480,6274,6129,6009,5859,5681,5489,5321,5179,5065,4978,4898,4829,4755,4694,4623,4550,4472,4401,4338,4263,4177,4077,3979,3910,3842,3775,3708 
Solar Thermal (15hrs storage),Step Change,Fitzroy,CQ,QLD Low,100.0%,6977,6809,6583,6310,6060,5867,5731,5619,5479,5312,5133,4975,4843,4736,4655,4580,4516,4446,4389,4323,4255,4182,4116,4057,3986,3906,3812,3721,3656,3593,3530,3468 
Solar Thermal (15hrs storage),Step Change,Wide Bay,SQ,QLD Low,100.0%,6977,6809,6583,6310,6060,5867,5731,5619,5479,5312,5133,4975,4843,4736,4655,4580,4516,4446,4389,4323,4255,4182,4116,4057,3986,3906,3812,3721,3656,3593,3530,3468 
Solar Thermal (15hrs storage),Step Change,Darling Downs,SQ,QLD Low,100.0%,6977,6809,6583,6310,6060,5867,5731,5619,5479,5312,5133,4975,4843,4736,4655,4580,4516,4446,4389,4323,4255,4182,4116,4057,3986,3906,3812,3721,3656,3593,3530,3468 
Solar Thermal (15hrs storage),Step Change,Banana,CQ,QLD Medium,106.9%,7461,7282,7039,6748,6480,6274,6129,6009,5859,5681,5489,5321,5179,5065,4978,4898,4829,4755,4694,4623,4550,4472,4401,4338,4263,4177,4077,3979,3910,3842,3775,3708 
Solar Thermal (15hrs storage),Step Change,North West NSW,NNSW,NSW Medium,106.0%,7395,7217,6977,6688,6423,6219,6075,5956,5807,5630,5440,5273,5133,5020,4933,4854,4786,4712,4652,4582,4510,4433,4362,4300,4225,4140,4040,3944,3875,3808,3741,3675 
Solar Thermal (15hrs storage),Step Change,New England,NNSW,NSW Low,100.0%,6977,6809,6583,6310,6060,5867,5731,5619,5479,5312,5133,4975,4843,4736,4655,4580,4516,4446,4389,4323,4255,4182,4116,4057,3986,3906,3812,3721,3656,3593,3530,3468 
Solar Thermal (15hrs storage),Step Change,Central-West Orana,CNSW,NSW Medium,106.0%,7395,7217,6977,6688,6423,6219,6075,5956,5807,5630,5440,5273,5133,5020,4933,4854,4786,4712,4652,4582,4510,4433,4362,4300,4225,4140,4040,3944,3875,3808,3741,3675 
Solar Thermal (15hrs storage),Step Change,Broken Hill,SNSW,NSW High,111.6%,7787,7600,7347,7043,6763,6548,6397,6272,6115,5929,5729,5553,5405,5286,5195,5112,5040,4962,4899,4825,4749,4668,4594,4528,4449,4360,4255,4153,4080,4010,3940,3870 
Solar Thermal (15hrs storage),Step Change,South West NSW,SNSW,NSW High,111.6%,7787,7600,7347,7043,6763,6548,6397,6272,6115,5929,5729,5553,5405,5286,5195,5112,5040,4962,4899,4825,4749,4668,4594,4528,4449,4360,4255,4153,4080,4010,3940,3870 
Solar Thermal (15hrs storage),Step Change,Wagga Wagga,SNSW,NSW Medium,106.0%,7395,7217,6977,6688,6423,6219,6075,5956,5807,5630,5440,5273,5133,5020,4933,4854,4786,4712,4652,4582,4510,4433,4362,4300,4225,4140,4040,3944,3875,3808,3741,3675 
Solar Thermal (15hrs storage),Step Change,Tumut,SNSW,NSW Medium,106.0%,7395,7217,6977,6688,6423,6219,6075,5956,5807,5630,5440,5273,5133,5020,4933,4854,4786,4712,4652,4582,4510,4433,4362,4300,4225,4140,4040,3944,3875,3808,3741,3675 
Solar Thermal (15hrs storage),Step Change,Cooma-Monaro,SNSW,NSW Medium,106.0%,7395,7217,6977,6688,6423,6219,6075,5956,5807,5630,5440,5273,5133,5020,4933,4854,4786,4712,4652,4582,4510,4433,4362,4300,4225,4140,4040,3944,3875,3808,3741,3675 
Solar Thermal (15hrs storage),Step Change,Hunter-Central Coast,CNSW,NSW Low,100.0%,6977,6809,6583,6310,6060,5867,5731,5619,5479,5312,5133,4975,4843,4736,4655,4580,4516,4446,4389,4323,4255,4182,4116,4057,3986,3906,3812,3721,3656,3593,3530,3468 
Solar Thermal (15hrs storage),Step Change,Hunter Coast,SNW,NSW Low,100.0%,6977,6809,6583,6310,6060,5867,5731,5619,5479,5312,5133,4975,4843,4736,4655,4580,4516,4446,4389,4323,4255,4182,4116,4057,3986,3906,3812,3721,3656,3593,3530,3468 
Solar Thermal (15hrs storage),Step Change,Illawarra Coast,SNW,NSW Low,100.0%,6977,6809,6583,6310,6060,5867,5731,5619,5479,5312,5133,4975,4843,4736,4655,4580,4516,4446,4389,4323,4255,4182,4116,4057,3986,3906,3812,3721,3656,3593,3530,3468 
Solar Thermal (15hrs storage),Step Change,Illawarra,SNW,NSW Low,100.0%,6977,6809,6583,6310,6060,5867,5731,5619,5479,5312,5133,4975,4843,4736,4655,4580,4516,4446,4389,4323,4255,4182,4116,4057,3986,3906,3812,3721,3656,3593,3530,3468 
Solar Thermal (15hrs storage),Step Change,Ovens Murray,VIC,VIC Medium,102.7%,7163,6990,6758,6478,6221,6023,5884,5769,5625,5454,5269,5108,4972,4862,4778,4702,4636,4564,4506,4438,4368,4293,4225,4165,4092,4010,3913,3820,3753,3688,3624,3560 
Solar Thermal (15hrs storage),Step Change,Murray River,VIC,VIC Medium,102.7%,7163,6990,6758,6478,6221,6023,5884,5769,5625,5454,5269,5108,4972,4862,4778,4702,4636,4564,4506,4438,4368,4293,4225,4165,4092,4010,3913,3820,3753,3688,3624,3560 
Solar Thermal (15hrs storage),Step Change,Western Victoria,VIC,VIC Medium,102.7%,7163,6990,6758,6478,6221,6023,5884,5769,5625,5454,5269,5108,4972,4862,4778,4702,4636,4564,4506,4438,4368,4293,4225,4165,4092,4010,3913,3820,3753,3688,3624,3560 
Solar Thermal (15hrs storage),Step Change,South West Victoria,VIC,VIC Medium,102.7%,7163,6990,6758,6478,6221,6023,5884,5769,5625,5454,5269,5108,4972,4862,4778,4702,4636,4564,4506,4438,4368,4293,4225,4165,4092,4010,3913,3820,3753,3688,3624,3560 
Solar Thermal (15hrs storage),Step Change,Gippsland,VIC,VIC Low,100.0%,6977,6809,6583,6310,6060,5867,5731,5619,5479,5312,5133,4975,4843,4736,4655,4580,4516,4446,4389,4323,4255,4182,4116,4057,3986,3906,3812,3721,3656,3593,3530,3468 
Solar Thermal (15hrs storage),Step Change,Central North Vic,VIC,VIC High,104.3%,7278,7103,6866,6582,6321,6120,5978,5861,5715,5541,5354,5190,5052,4940,4855,4777,4710,4638,4579,4510,4438,4362,4293,4232,4158,4075,3976,3882,3814,3748,3682,3617 
Solar Thermal (15hrs storage),Step Change,Gippsland Coast,VIC,VIC Low,100.0%,6977,6809,6583,6310,6060,5867,5731,5619,5479,5312,5133,4975,4843,4736,4655,4580,4516,4446,4389,4323,4255,4182,4116,4057,3986,3906,3812,3721,3656,3593,3530,3468 
Solar Thermal (15hrs storage),Step Change,Southern Ocean,VIC,VIC Low,100.0%,6977,6809,6583,6310,6060,5867,5731,5619,5479,5312,5133,4975,4843,4736,4655,4580,4516,4446,4389,4323,4255,4182,4116,4057,3986,3906,3812,3721,3656,3593,3530,3468 
Solar Thermal (15hrs storage),Step Change,South East SA,SESA,SA Low,100.0%,6977,6809,6583,6310,6060,5867,5731,5619,5479,5312,5133,4975,4843,4736,4655,4580,4516,4446,4389,4323,4255,4182,4116,4057,3986,3906,3812,3721,3656,3593,3530,3468 
Solar Thermal (15hrs storage),Step Change,Riverland,CSA,SA Low,100.0%,6977,6809,6583,6310,6060,5867,5731,5619,5479,5312,5133,4975,4843,4736,4655,4580,4516,4446,4389,4323,4255,4182,4116,4057,3986,3906,3812,3721,3656,3593,3530,3468 
Solar Thermal (15hrs storage),Step Change,Mid-North SA,CSA,SA Low,100.0%,6977,6809,6583,6310,6060,5867,5731,5619,5479,5312,5133,4975,4843,4736,4655,4580,4516,4446,4389,4323,4255,4182,4116,4057,3986,3906,3812,3721,3656,3593,3530,3468 
Solar Thermal (15hrs storage),Step Change,Yorke Peninsula,CSA,SA Low,100.0%,6977,6809,6583,6310,6060,5867,5731,5619,5479,5312,5133,4975,4843,4736,4655,4580,4516,4446,4389,4323,4255,4182,4116,4057,3986,3906,3812,3721,3656,3593,3530,3468 
Solar Thermal (15hrs storage),Step Change,Northern SA,CSA,SA Medium,106.8%,7450,7271,7029,6738,6471,6265,6120,6000,5851,5672,5481,5313,5171,5057,4970,4890,4822,4748,4687,4616,4543,4466,4395,4332,4257,4171,4071,3973,3904,3836,3769,3703 
Solar Thermal (15hrs storage),Step Change,Leigh Creek,CSA,SA Medium,106.8%,7450,7271,7029,6738,6471,6265,6120,6000,5851,5672,5481,5313,5171,5057,4970,4890,4822,4748,4687,4616,4543,4466,4395,4332,4257,4171,4071,3973,3904,3836,3769,3703 
Solar Thermal (15hrs storage),Step Change,Roxby Downs,CSA,SA Medium,106.8%,7450,7271,7029,6738,6471,6265,6120,6000,5851,5672,5481,5313,5171,5057,4970,4890,4822,4748,4687,4616,4543,4466,4395,4332,4257,4171,4071,3973,3904,3836,3769,3703 
Solar Thermal (15hrs storage),Step Change,Eastern Eyre Peninsula,CSA,SA Medium,106.8%,7450,7271,7029,6738,6471,6265,6120,6000,5851,5672,5481,5313,5171,5057,4970,4890,4822,4748,4687,4616,4543,4466,4395,4332,4257,4171,4071,3973,3904,3836,3769,3703 
Solar Thermal (15hrs storage),Step Change,Western Eyre Peninsula,CSA,SA Medium,106.8%,7450,7271,7029,6738,6471,6265,6120,6000,5851,5672,5481,5313,5171,5057,4970,4890,4822,4748,4687,4616,4543,4466,4395,4332,4257,4171,4071,3973,3904,3836,3769,3703 
Solar Thermal (15hrs storage),Step Change,South East SA Coast,SESA,SA Low,100.0%,6977,6809,6583,6310,6060,5867,5731,5619,5479,5312,5133,4975,4843,4736,4655,4580,4516,4446,4389,4323,4255,4182,4116,4057,3986,3906,3812,3721,3656,3593,3530,3468 
Solar Thermal (15hrs storage),Step Change,North East Tasmania,TAS,TAS Low,100.0%,6977,6809,6583,6310,6060,5867,5731,5619,5479,5312,5133,4975,4843,4736,4655,4580,4516,4446,4389,4323,4255,4182,4116,4057,3986,3906,3812,3721,3656,3593,3530,3468 
Solar Thermal (15hrs storage),Step Change,North West Tasmania,TAS,TAS Medium,105.9%,7390,7212,6972,6683,6418,6215,6071,5952,5803,5627,5436,5270,5130,5016,4930,4851,4783,4709,4649,4579,4507,4430,4359,4297,4222,4137,4038,3941,3872,3806,3739,3673 
Solar Thermal (15hrs storage),Step Change,Central Highlands,TAS,TAS Low,100.0%,6977,6809,6583,6310,6060,5867,5731,5619,5479,5312,5133,4975,4843,4736,4655,4580,4516,4446,4389,4323,4255,4182,4116,4057,3986,3906,3812,3721,3656,3593,3530,3468 
Solar Thermal (15hrs storage),Step Change,North Tasmania Coast,TAS,TAS Low,100.0%,6977,6809,6583,6310,6060,5867,5731,5619,5479,5312,5133,4975,4843,4736,4655,4580,4516,4446,4389,4323,4255,4182,4116,4057,3986,3906,3812,3721,3656,3593,3530,3468 
Solar Thermal (15hrs storage),Step Change,New South Wales Non-REZ,CNSW,NSW Medium,106.0%,7395,7217,6977,6688,6423,6219,6075,5956,5807,5630,5440,5273,5133,5020,4933,4854,4786,4712,4652,4582,4510,4433,4362,4300,4225,4140,4040,3944,3875,3808,3741,3675 
Solar Thermal (15hrs storage),Step Change,Victoria Non-REZ,VIC,VIC Medium,102.7%,7163,6990,6758,6478,6221,6023,5884,5769,5625,5454,5269,5108,4972,4862,4778,4702,4636,4564,4506,4438,4368,4293,4225,4165,4092,4010,3913,3820,3753,3688,3624,3560 
Wind,Step Change,Far North QLD,NQ,QLD Low,99.0%,2797,2799,2667,2539,2418,2300,2188,2082,2011,1973,1968,1961,1954,1949,1945,1940,1935,1929,1923,1918,1912,1908,1904,1901,1900,1898,1897,1894,1892,1890,1889,1887 
Wind,Step Change,North Qld Clean Energy Hub,NQ,QLD Low,99.0%,2797,2799,2667,2539,2418,2300,2188,2082,2011,1973,1968,1961,1954,1949,1945,1940,1935,1929,1923,1918,1912,1908,1904,1901,1900,1898,1897,1894,1892,1890,1889,1887 
Wind,Step Change,Northern Qld,NQ,QLD Low,99.0%,2797,2799,2667,2539,2418,2300,2188,2082,2011,1973,1968,1961,1954,1949,1945,1940,1935,1929,1923,1918,1912,1908,1904,1901,1900,1898,1897,1894,1892,1890,1889,1887 
Wind,Step Change,Isaac,CQ,QLD Low,99.0%,2797,2799,2667,2539,2418,2300,2188,2082,2011,1973,1968,1961,1954,1949,1945,1940,1935,1929,1923,1918,1912,1908,1904,1901,1900,1898,1897,1894,1892,1890,1889,1887 
Wind,Step Change,Barcaldine,CQ,QLD Medium,105.2%,2973,2975,2834,2698,2570,2445,2326,2213,2138,2097,2092,2084,2077,2072,2067,2063,2057,2050,2045,2039,2032,2028,2024,2021,2020,2018,2016,2013,2011,2009,2007,2006 
Wind,Step Change,Fitzroy,CQ,QLD Low,99.0%,2797,2799,2667,2539,2418,2300,2188,2082,2011,1973,1968,1961,1954,1949,1945,1940,1935,1929,1923,1918,1912,1908,1904,1901,1900,1898,1897,1894,1892,1890,1889,1887 
Wind,Step Change,Wide Bay,SQ,QLD Low,99.0%,2797,2799,2667,2539,2418,2300,2188,2082,2011,1973,1968,1961,1954,1949,1945,1940,1935,1929,1923,1918,1912,1908,1904,1901,1900,1898,1897,1894,1892,1890,1889,1887 
Wind,Step Change,Darling Downs,SQ,QLD Low,99.0%,2797,2799,2667,2539,2418,2300,2188,2082,2011,1973,1968,1961,1954,1949,1945,1940,1935,1929,1923,1918,1912,1908,1904,1901,1900,1898,1897,1894,1892,1890,1889,1887 
Wind,Step Change,Banana,CQ,QLD Medium,105.2%,2973,2975,2834,2698,2570,2445,2326,2213,2138,2097,2092,2084,2077,2072,2067,2063,2057,2050,2045,2039,2032,2028,2024,2021,2020,2018,2016,2013,2011,2009,2007,2006 
Wind,Step Change,North West NSW,NNSW,NSW Medium,104.6%,2956,2958,2818,2683,2555,2431,2313,2201,2126,2085,2080,2072,2065,2060,2055,2051,2045,2038,2033,2027,2021,2016,2013,2009,2008,2006,2005,2002,1999,1997,1996,1995 
Wind,Step Change,New England,NNSW,NSW Low,99.0%,2797,2799,2667,2539,2418,2300,2188,2082,2011,1973,1968,1961,1954,1949,1945,1940,1935,1929,1923,1918,1912,1908,1904,1901,1900,1898,1897,1894,1892,1890,1889,1887 
Wind,Step Change,Central-West Orana,CNSW,NSW Medium,104.6%,2956,2958,2818,2683,2555,2431,2313,2201,2126,2085,2080,2072,2065,2060,2055,2051,2045,2038,2033,2027,2021,2016,2013,2009,2008,2006,2005,2002,1999,1997,1996,1995 
Wind,Step Change,Broken Hill,SNSW,NSW High,109.5%,3094,3096,2950,2808,2675,2545,2421,2304,2225,2183,2177,2169,2162,2156,2151,2147,2141,2134,2128,2122,2115,2110,2107,2103,2102,2100,2099,2095,2093,2090,2089,2088 
Wind,Step Change,South West NSW,SNSW,NSW High,109.5%,3094,3096,2950,2808,2675,2545,2421,2304,2225,2183,2177,2169,2162,2156,2151,2147,2141,2134,2128,2122,2115,2110,2107,2103,2102,2100,2099,2095,2093,2090,2089,2088 
Wind,Step Change,Wagga Wagga,SNSW,NSW Medium,104.6%,2956,2958,2818,2683,2555,2431,2313,2201,2126,2085,2080,2072,2065,2060,2055,2051,2045,2038,2033,2027,2021,2016,2013,2009,2008,2006,2005,2002,1999,1997,1996,1995 
Wind,Step Change,Tumut,SNSW,NSW Medium,104.6%,2956,2958,2818,2683,2555,2431,2313,2201,2126,2085,2080,2072,2065,2060,2055,2051,2045,2038,2033,2027,2021,2016,2013,2009,2008,2006,2005,2002,1999,1997,1996,1995 
Wind,Step Change,Cooma-Monaro,SNSW,NSW Medium,104.6%,2956,2958,2818,2683,2555,2431,2313,2201,2126,2085,2080,2072,2065,2060,2055,2051,2045,2038,2033,2027,2021,2016,2013,2009,2008,2006,2005,2002,1999,1997,1996,1995 
Wind,Step Change,Hunter-Central Coast,CNSW,NSW Low,99.0%,2797,2799,2667,2539,2418,2300,2188,2082,2011,1973,1968,1961,1954,1949,1945,1940,1935,1929,1923,1918,1912,1908,1904,1901,1900,1898,1897,1894,1892,1890,1889,1887 
Wind,Step Change,Hunter Coast,SNW,NSW Low,99.0%,2797,2799,2667,2539,2418,2300,2188,2082,2011,1973,1968,1961,1954,1949,1945,1940,1935,1929,1923,1918,1912,1908,1904,1901,1900,1898,1897,1894,1892,1890,1889,1887 
Wind,Step Change,Illawarra Coast,SNW,NSW Low,99.0%,2797,2799,2667,2539,2418,2300,2188,2082,2011,1973,1968,1961,1954,1949,1945,1940,1935,1929,1923,1918,1912,1908,1904,1901,1900,1898,1897,1894,1892,1890,1889,1887 
Wind,Step Change,Illawarra,SNW,NSW Low,99.0%,2797,2799,2667,2539,2418,2300,2188,2082,2011,1973,1968,1961,1954,1949,1945,1940,1935,1929,1923,1918,1912,1908,1904,1901,1900,1898,1897,1894,1892,1890,1889,1887 
Wind,Step Change,Ovens Murray,VIC,VIC Medium,101.3%,2862,2864,2728,2597,2474,2354,2239,2130,2058,2019,2013,2006,1999,1994,1990,1985,1980,1973,1968,1963,1956,1952,1948,1945,1944,1942,1941,1938,1935,1933,1932,1931 
Wind,Step Change,Murray River,VIC,VIC Medium,101.3%,2862,2864,2728,2597,2474,2354,2239,2130,2058,2019,2013,2006,1999,1994,1990,1985,1980,1973,1968,1963,1956,1952,1948,1945,1944,1942,1941,1938,1935,1933,1932,1931 
Wind,Step Change,Western Victoria,VIC,VIC Medium,101.3%,2862,2864,2728,2597,2474,2354,2239,2130,2058,2019,2013,2006,1999,1994,1990,1985,1980,1973,1968,1963,1956,1952,1948,1945,1944,1942,1941,1938,1935,1933,1932,1931 
Wind,Step Change,South West Victoria,VIC,VIC Medium,101.3%,2862,2864,2728,2597,2474,2354,2239,2130,2058,2019,2013,2006,1999,1994,1990,1985,1980,1973,1968,1963,1956,1952,1948,1945,1944,1942,1941,1938,1935,1933,1932,1931 
Wind,Step Change,Gippsland,VIC,VIC Low,99.0%,2797,2799,2667,2539,2418,2300,2188,2082,2011,1973,1968,1961,1954,1949,1945,1940,1935,1929,1923,1918,1912,1908,1904,1901,1900,1898,1897,1894,1892,1890,1889,1887 
Wind,Step Change,Central North Vic,VIC,VIC High,102.6%,2898,2900,2763,2630,2505,2383,2267,2157,2084,2044,2039,2031,2025,2019,2015,2010,2005,1998,1993,1987,1981,1976,1973,1970,1969,1967,1965,1962,1960,1958,1957,1956 
Wind,Step Change,Gippsland Coast,VIC,VIC Low,99.0%,2797,2799,2667,2539,2418,2300,2188,2082,2011,1973,1968,1961,1954,1949,1945,1940,1935,1929,1923,1918,1912,1908,1904,1901,1900,1898,1897,1894,1892,1890,1889,1887 
Wind,Step Change,Southern Ocean,VIC,VIC Low,99.0%,2797,2799,2667,2539,2418,2300,2188,2082,2011,1973,1968,1961,1954,1949,1945,1940,1935,1929,1923,1918,1912,1908,1904,1901,1900,1898,1897,1894,1892,1890,1889,1887 
Wind,Step Change,South East SA,SESA,SA Low,99.0%,2797,2799,2667,2539,2418,2300,2188,2082,2011,1973,1968,1961,1954,1949,1945,1940,1935,1929,1923,1918,1912,1908,1904,1901,1900,1898,1897,1894,1892,1890,1889,1887 
Wind,Step Change,Riverland,CSA,SA Low,99.0%,2797,2799,2667,2539,2418,2300,2188,2082,2011,1973,1968,1961,1954,1949,1945,1940,1935,1929,1923,1918,1912,1908,1904,1901,1900,1898,1897,1894,1892,1890,1889,1887 
Wind,Step Change,Mid-North SA,CSA,SA Low,99.0%,2797,2799,2667,2539,2418,2300,2188,2082,2011,1973,1968,1961,1954,1949,1945,1940,1935,1929,1923,1918,1912,1908,1904,1901,1900,1898,1897,1894,1892,1890,1889,1887 
Wind,Step Change,Yorke Peninsula,CSA,SA Low,99.0%,2797,2799,2667,2539,2418,2300,2188,2082,2011,1973,1968,1961,1954,1949,1945,1940,1935,1929,1923,1918,1912,1908,1904,1901,1900,1898,1897,1894,1892,1890,1889,1887 
Wind,Step Change,Northern SA,CSA,SA Medium,104.9%,2964,2966,2826,2690,2562,2438,2319,2207,2131,2091,2085,2078,2071,2065,2061,2056,2051,2044,2038,2033,2026,2021,2018,2015,2014,2011,2010,2007,2005,2002,2001,2000 
Wind,Step Change,Leigh Creek,CSA,SA Medium,104.9%,2964,2966,2826,2690,2562,2438,2319,2207,2131,2091,2085,2078,2071,2065,2061,2056,2051,2044,2038,2033,2026,2021,2018,2015,2014,2011,2010,2007,2005,2002,2001,2000 
Wind,Step Change,Roxby Downs,CSA,SA Medium,104.9%,2964,2966,2826,2690,2562,2438,2319,2207,2131,2091,2085,2078,2071,2065,2061,2056,2051,2044,2038,2033,2026,2021,2018,2015,2014,2011,2010,2007,2005,2002,2001,2000 
Wind,Step Change,Eastern Eyre Peninsula,CSA,SA Medium,104.9%,2964,2966,2826,2690,2562,2438,2319,2207,2131,2091,2085,2078,2071,2065,2061,2056,2051,2044,2038,2033,2026,2021,2018,2015,2014,2011,2010,2007,2005,2002,2001,2000 
Wind,Step Change,Western Eyre Peninsula,CSA,SA Medium,104.9%,2964,2966,2826,2690,2562,2438,2319,2207,2131,2091,2085,2078,2071,2065,2061,2056,2051,2044,2038,2033,2026,2021,2018,2015,2014,2011,2010,2007,2005,2002,2001,2000 
Wind,Step Change,South East SA Coast,SESA,SA Low,99.0%,2797,2799,2667,2539,2418,2300,2188,2082,2011,1973,1968,1961,1954,1949,1945,1940,1935,1929,1923,1918,1912,1908,1904,1901,1900,1898,1897,1894,1892,1890,1889,1887 
Wind,Step Change,North East Tasmania,TAS,TAS Low,99.0%,2797,2799,2667,2539,2418,2300,2188,2082,2011,1973,1968,1961,1954,1949,1945,1940,1935,1929,1923,1918,1912,1908,1904,1901,1900,1898,1897,1894,1892,1890,1889,1887 
Wind,Step Change,North West Tasmania,TAS,TAS Medium,104.5%,2952,2954,2815,2679,2552,2428,2309,2198,2123,2083,2077,2069,2063,2057,2053,2048,2042,2036,2030,2025,2018,2013,2010,2007,2006,2003,2002,1999,1997,1994,1993,1992 
Wind,Step Change,Central Highlands,TAS,TAS Low,99.0%,2797,2799,2667,2539,2418,2300,2188,2082,2011,1973,1968,1961,1954,1949,1945,1940,1935,1929,1923,1918,1912,1908,1904,1901,1900,1898,1897,1894,1892,1890,1889,1887 
Wind,Step Change,North Tasmania Coast,TAS,TAS Low,99.0%,2797,2799,2667,2539,2418,2300,2188,2082,2011,1973,1968,1961,1954,1949,1945,1940,1935,1929,1923,1918,1912,1908,1904,1901,1900,1898,1897,1894,1892,1890,1889,1887 
Wind,Step Change,New South Wales Non-REZ,CNSW,NSW Medium,104.6%,2956,2958,2818,2683,2555,2431,2313,2201,2126,2085,2080,2072,2065,2060,2055,2051,2045,2038,2033,2027,2021,2016,2013,2009,2008,2006,2005,2002,1999,1997,1996,1995 
Wind,Step Change,Victoria Non-REZ,VIC,VIC Medium,101.3%,2862,2864,2728,2597,2474,2354,2239,2130,2058,2019,2013,2006,1999,1994,1990,1985,1980,1973,1968,1963,1956,1952,1948,1945,1944,1942,1941,1938,1935,1933,1932,1931 
Wind - offshore (fixed),Step Change,Far North QLD,NQ,QLD Low,100.0%,6076,5860,5654,5457,5265,5086,4919,4766,4654,4581,4537,4485,4438,4400,4383,4353,4332,4295,4264,4224,4194,4165,4140,4114,4089,4064,4043,4023,4011,3986,3968,3934 
Wind - offshore (fixed),Step Change,North Qld Clean Energy Hub,NQ,QLD Low,100.0%,6076,5860,5654,5457,5265,5086,4919,4766,4654,4581,4537,4485,4438,4400,4383,4353,4332,4295,4264,4224,4194,4165,4140,4114,4089,4064,4043,4023,4011,3986,3968,3934 
Wind - offshore (fixed),Step Change,Northern Qld,NQ,QLD Low,100.0%,6076,5860,5654,5457,5265,5086,4919,4766,4654,4581,4537,4485,4438,4400,4383,4353,4332,4295,4264,4224,4194,4165,4140,4114,4089,4064,4043,4023,4011,3986,3968,3934 
Wind - offshore (fixed),Step Change,Isaac,CQ,QLD Low,100.0%,6076,5860,5654,5457,5265,5086,4919,4766,4654,4581,4537,4485,4438,4400,4383,4353,4332,4295,4264,4224,4194,4165,4140,4114,4089,4064,4043,4023,4011,3986,3968,3934 
Wind - offshore (fixed),Step Change,Barcaldine,CQ,QLD Medium,106.8%,6488,6257,6038,5827,5622,5430,5252,5089,4969,4891,4845,4789,4738,4699,4680,4648,4625,4587,4553,4510,4478,4447,4421,4392,4366,4340,4317,4295,4283,4257,4237,4201 
Wind - offshore (fixed),Step Change,Fitzroy,CQ,QLD Low,100.0%,6076,5860,5654,5457,5265,5086,4919,4766,4654,4581,4537,4485,4438,4400,4383,4353,4332,4295,4264,4224,4194,4165,4140,4114,4089,4064,4043,4023,4011,3986,3968,3934 
Wind - offshore (fixed),Step Change,Wide Bay,SQ,QLD Low,100.0%,6076,5860,5654,5457,5265,5086,4919,4766,4654,4581,4537,4485,4438,4400,4383,4353,4332,4295,4264,4224,4194,4165,4140,4114,4089,4064,4043,4023,4011,3986,3968,3934 
Wind - offshore (fixed),Step Change,Darling Downs,SQ,QLD Low,100.0%,6076,5860,5654,5457,5265,5086,4919,4766,4654,4581,4537,4485,4438,4400,4383,4353,4332,4295,4264,4224,4194,4165,4140,4114,4089,4064,4043,4023,4011,3986,3968,3934 
Wind - offshore (fixed),Step Change,Banana,CQ,QLD Medium,106.8%,6488,6257,6038,5827,5622,5430,5252,5089,4969,4891,4845,4789,4738,4699,4680,4648,4625,4587,4553,4510,4478,4447,4421,4392,4366,4340,4317,4295,4283,4257,4237,4201 
Wind - offshore (fixed),Step Change,North West NSW,NNSW,NSW Medium,105.9%,6436,6207,5990,5780,5577,5387,5210,5048,4930,4853,4806,4751,4701,4661,4643,4611,4589,4550,4517,4474,4442,4412,4386,4358,4331,4305,4283,4261,4249,4223,4203,4167 
Wind - offshore (fixed),Step Change,New England,NNSW,NSW Low,100.0%,6076,5860,5654,5457,5265,5086,4919,4766,4654,4581,4537,4485,4438,4400,4383,4353,4332,4295,4264,4224,4194,4165,4140,4114,4089,4064,4043,4023,4011,3986,3968,3934 
Wind - offshore (fixed),Step Change,Central-West Orana,CNSW,NSW Medium,105.9%,6436,6207,5990,5780,5577,5387,5210,5048,4930,4853,4806,4751,4701,4661,4643,4611,4589,4550,4517,4474,4442,4412,4386,4358,4331,4305,4283,4261,4249,4223,4203,4167 
Wind - offshore (fixed),Step Change,Broken Hill,SNSW,NSW High,111.1%,6751,6511,6283,6063,5851,5651,5466,5296,5171,5090,5042,4983,4931,4889,4870,4837,4813,4773,4739,4693,4660,4628,4601,4571,4544,4516,4493,4470,4457,4430,4409,4371 
Wind - offshore (fixed),Step Change,South West NSW,SNSW,NSW High,111.1%,6751,6511,6283,6063,5851,5651,5466,5296,5171,5090,5042,4983,4931,4889,4870,4837,4813,4773,4739,4693,4660,4628,4601,4571,4544,4516,4493,4470,4457,4430,4409,4371 
Wind - offshore (fixed),Step Change,Wagga Wagga,SNSW,NSW Medium,105.9%,6436,6207,5990,5780,5577,5387,5210,5048,4930,4853,4806,4751,4701,4661,4643,4611,4589,4550,4517,4474,4442,4412,4386,4358,4331,4305,4283,4261,4249,4223,4203,4167 
Wind - offshore (fixed),Step Change,Tumut,SNSW,NSW Medium,105.9%,6436,6207,5990,5780,5577,5387,5210,5048,4930,4853,4806,4751,4701,4661,4643,4611,4589,4550,4517,4474,4442,4412,4386,4358,4331,4305,4283,4261,4249,4223,4203,4167 
Wind - offshore (fixed),Step Change,Cooma-Monaro,SNSW,NSW Medium,105.9%,6436,6207,5990,5780,5577,5387,5210,5048,4930,4853,4806,4751,4701,4661,4643,4611,4589,4550,4517,4474,4442,4412,4386,4358,4331,4305,4283,4261,4249,4223,4203,4167 
Wind - offshore (fixed),Step Change,Hunter-Central Coast,CNSW,NSW Low,100.0%,6076,5860,5654,5457,5265,5086,4919,4766,4654,4581,4537,4485,4438,4400,4383,4353,4332,4295,4264,4224,4194,4165,4140,4114,4089,4064,4043,4023,4011,3986,3968,3934 
Wind - offshore (fixed),Step Change,Hunter Coast,SNW,NSW Low,100.0%,6076,5860,5654,5457,5265,5086,4919,4766,4654,4581,4537,4485,4438,4400,4383,4353,4332,4295,4264,4224,4194,4165,4140,4114,4089,4064,4043,4023,4011,3986,3968,3934 
Wind - offshore (fixed),Step Change,Illawarra Coast,SNW,NSW Low,100.0%,6076,5860,5654,5457,5265,5086,4919,4766,4654,4581,4537,4485,4438,4400,4383,4353,4332,4295,4264,4224,4194,4165,4140,4114,4089,4064,4043,4023,4011,3986,3968,3934 
Wind - offshore (fixed),Step Change,Illawarra,SNW,NSW Low,100.0%,6076,5860,5654,5457,5265,5086,4919,4766,4654,4581,4537,4485,4438,4400,4383,4353,4332,4295,4264,4224,4194,4165,4140,4114,4089,4064,4043,4023,4011,3986,3968,3934 
Wind - offshore (fixed),Step Change,Ovens Murray,VIC,VIC Medium,102.3%,6217,5996,5786,5583,5387,5204,5033,4876,4762,4687,4642,4589,4541,4502,4485,4454,4432,4395,4363,4322,4291,4262,4236,4209,4184,4159,4137,4116,4104,4079,4060,4025 
Wind - offshore (fixed),Step Change,Murray River,VIC,VIC Medium,102.3%,6217,5996,5786,5583,5387,5204,5033,4876,4762,4687,4642,4589,4541,4502,4485,4454,4432,4395,4363,4322,4291,4262,4236,4209,4184,4159,4137,4116,4104,4079,4060,4025 
Wind - offshore (fixed),Step Change,Western Victoria,VIC,VIC Medium,102.3%,6217,5996,5786,5583,5387,5204,5033,4876,4762,4687,4642,4589,4541,4502,4485,4454,4432,4395,4363,4322,4291,4262,4236,4209,4184,4159,4137,4116,4104,4079,4060,4025 
Wind - offshore (fixed),Step Change,South West Victoria,VIC,VIC Medium,102.3%,6217,5996,5786,5583,5387,5204,5033,4876,4762,4687,4642,4589,4541,4502,4485,4454,4432,4395,4363,4322,4291,4262,4236,4209,4184,4159,4137,4116,4104,4079,4060,4025 
Wind - offshore (fixed),Step Change,Gippsland,VIC,VIC Low,100.0%,6076,5860,5654,5457,5265,5086,4919,4766,4654,4581,4537,4485,4438,4400,4383,4353,4332,4295,4264,4224,4194,4165,4140,4114,4089,4064,4043,4023,4011,3986,3968,3934 
Wind - offshore (fixed),Step Change,Central North Vic,VIC,VIC High,103.6%,6296,6072,5859,5654,5456,5270,5097,4938,4822,4747,4701,4647,4598,4559,4542,4511,4489,4451,4419,4377,4346,4316,4290,4263,4237,4212,4189,4168,4156,4131,4112,4076 
Wind - offshore (fixed),Step Change,Gippsland Coast,VIC,VIC Low,100.0%,6076,5860,5654,5457,5265,5086,4919,4766,4654,4581,4537,4485,4438,4400,4383,4353,4332,4295,4264,4224,4194,4165,4140,4114,4089,4064,4043,4023,4011,3986,3968,3934 
Wind - offshore (fixed),Step Change,Portland Coast,VIC,VIC Low,100.0%,6076,5860,5654,5457,5265,5086,4919,4766,4654,4581,4537,4485,4438,4400,4383,4353,4332,4295,4264,4224,4194,4165,4140,4114,4089,4064,4043,4023,4011,3986,3968,3934 
Wind - offshore (fixed),Step Change,Southern Ocean,VIC,VIC Low,100.0%,6076,5860,5654,5457,5265,5086,4919,4766,4654,4581,4537,4485,4438,4400,4383,4353,4332,4295,4264,4224,4194,4165,4140,4114,4089,4064,4043,4023,4011,3986,3968,3934 
Wind - offshore (fixed),Step Change,South East SA,SESA,SA Low,100.0%,6076,5860,5654,5457,5265,5086,4919,4766,4654,4581,4537,4485,4438,4400,4383,4353,4332,4295,4264,4224,4194,4165,4140,4114,4089,4064,4043,4023,4011,3986,3968,3934 
Wind - offshore (fixed),Step Change,Riverland,CSA,SA Low,100.0%,6076,5860,5654,5457,5265,5086,4919,4766,4654,4581,4537,4485,4438,4400,4383,4353,4332,4295,4264,4224,4194,4165,4140,4114,4089,4064,4043,4023,4011,3986,3968,3934 
Wind - offshore (fixed),Step Change,Mid-North SA,CSA,SA Low,100.0%,6076,5860,5654,5457,5265,5086,4919,4766,4654,4581,4537,4485,4438,4400,4383,4353,4332,4295,4264,4224,4194,4165,4140,4114,4089,4064,4043,4023,4011,3986,3968,3934 
Wind - offshore (fixed),Step Change,Yorke Peninsula,CSA,SA Low,100.0%,6076,5860,5654,5457,5265,5086,4919,4766,4654,4581,4537,4485,4438,4400,4383,4353,4332,4295,4264,4224,4194,4165,4140,4114,4089,4064,4043,4023,4011,3986,3968,3934 
Wind - offshore (fixed),Step Change,Northern SA,CSA,SA Medium,106.5%,6468,6238,6020,5809,5605,5414,5237,5074,4954,4877,4830,4774,4724,4684,4666,4634,4612,4573,4540,4497,4465,4434,4408,4379,4353,4327,4304,4283,4270,4244,4225,4188 
Wind - offshore (fixed),Step Change,Leigh Creek,CSA,SA Medium,106.5%,6468,6238,6020,5809,5605,5414,5237,5074,4954,4877,4830,4774,4724,4684,4666,4634,4612,4573,4540,4497,4465,4434,4408,4379,4353,4327,4304,4283,4270,4244,4225,4188 
Wind - offshore (fixed),Step Change,Roxby Downs,CSA,SA Medium,106.5%,6468,6238,6020,5809,5605,5414,5237,5074,4954,4877,4830,4774,4724,4684,4666,4634,4612,4573,4540,4497,4465,4434,4408,4379,4353,4327,4304,4283,4270,4244,4225,4188 
Wind - offshore (fixed),Step Change,Eastern Eyre Peninsula,CSA,SA Medium,106.5%,6468,6238,6020,5809,5605,5414,5237,5074,4954,4877,4830,4774,4724,4684,4666,4634,4612,4573,4540,4497,4465,4434,4408,4379,4353,4327,4304,4283,4270,4244,4225,4188 
Wind - offshore (fixed),Step Change,Western Eyre Peninsula,CSA,SA Medium,106.5%,6468,6238,6020,5809,5605,5414,5237,5074,4954,4877,4830,4774,4724,4684,4666,4634,4612,4573,4540,4497,4465,4434,4408,4379,4353,4327,4304,4283,4270,4244,4225,4188 
Wind - offshore (fixed),Step Change,South East SA Coast,SESA,SA Low,100.0%,6076,5860,5654,5457,5265,5086,4919,4766,4654,4581,4537,4485,4438,4400,4383,4353,4332,4295,4264,4224,4194,4165,4140,4114,4089,4064,4043,4023,4011,3986,3968,3934 
Wind - offshore (fixed),Step Change,North East Tasmania Coast,TAS,TAS Low,100.0%,6076,5860,5654,5457,5265,5086,4919,4766,4654,4581,4537,4485,4438,4400,4383,4353,4332,4295,4264,4224,4194,4165,4140,4114,4089,4064,4043,4023,4011,3986,3968,3934 
Wind - offshore (fixed),Step Change,North West Tasmania Coast,TAS,TAS Medium,105.8%,6428,6199,5982,5773,5570,5380,5204,5042,4923,4846,4800,4744,4695,4655,4637,4605,4583,4544,4511,4468,4437,4406,4380,4352,4326,4300,4277,4256,4243,4217,4198,4162 
Wind - offshore (fixed),Step Change,Central Highlands,TAS,TAS Low,100.0%,6076,5860,5654,5457,5265,5086,4919,4766,4654,4581,4537,4485,4438,4400,4383,4353,4332,4295,4264,4224,4194,4165,4140,4114,4089,4064,4043,4023,4011,3986,3968,3934 
Wind - offshore (fixed),Step Change,North Tasmania Coast,TAS,TAS Low,100.0%,6076,5860,5654,5457,5265,5086,4919,4766,4654,4581,4537,4485,4438,4400,4383,4353,4332,4295,4264,4224,4194,4165,4140,4114,4089,4064,4043,4023,4011,3986,3968,3934 
Wind - offshore (floating),Step Change,Far North QLD,NQ,QLD Low,100.0%,8418,8117,7650,7204,6784,6393,6034,5706,5483,5365,5332,5293,5206,5127,5065,5044,5030,5004,4983,4952,4931,4910,4894,4874,4857,4841,4826,4813,4804,4787,4774,4750 
Wind - offshore (floating),Step Change,North Qld Clean Energy Hub,NQ,QLD Low,100.0%,8418,8117,7650,7204,6784,6393,6034,5706,5483,5365,5332,5293,5206,5127,5065,5044,5030,5004,4983,4952,4931,4910,4894,4874,4857,4841,4826,4813,4804,4787,4774,4750 
Wind - offshore (floating),Step Change,Northern Qld,NQ,QLD Low,100.0%,8418,8117,7650,7204,6784,6393,6034,5706,5483,5365,5332,5293,5206,5127,5065,5044,5030,5004,4983,4952,4931,4910,4894,4874,4857,4841,4826,4813,4804,4787,4774,4750 
Wind - offshore (floating),Step Change,Isaac,CQ,QLD Low,100.0%,8418,8117,7650,7204,6784,6393,6034,5706,5483,5365,5332,5293,5206,5127,5065,5044,5030,5004,4983,4952,4931,4910,4894,4874,4857,4841,4826,4813,4804,4787,4774,4750 
Wind - offshore (floating),Step Change,Barcaldine,CQ,QLD Medium,106.8%,8988,8667,8168,7692,7244,6827,6443,6093,5855,5728,5693,5652,5559,5475,5409,5386,5371,5344,5321,5288,5265,5243,5226,5204,5186,5169,5153,5139,5130,5112,5098,5072 
Wind - offshore (floating),Step Change,Fitzroy,CQ,QLD Low,100.0%,8418,8117,7650,7204,6784,6393,6034,5706,5483,5365,5332,5293,5206,5127,5065,5044,5030,5004,4983,4952,4931,4910,4894,4874,4857,4841,4826,4813,4804,4787,4774,4750 
Wind - offshore (floating),Step Change,Wide Bay,SQ,QLD Low,100.0%,8418,8117,7650,7204,6784,6393,6034,5706,5483,5365,5332,5293,5206,5127,5065,5044,5030,5004,4983,4952,4931,4910,4894,4874,4857,4841,4826,4813,4804,4787,4774,4750 
Wind - offshore (floating),Step Change,Darling Downs,SQ,QLD Low,100.0%,8418,8117,7650,7204,6784,6393,6034,5706,5483,5365,5332,5293,5206,5127,5065,5044,5030,5004,4983,4952,4931,4910,4894,4874,4857,4841,4826,4813,4804,4787,4774,4750 
Wind - offshore (floating),Step Change,Banana,CQ,QLD Medium,106.8%,8988,8667,8168,7692,7244,6827,6443,6093,5855,5728,5693,5652,5559,5475,5409,5386,5371,5344,5321,5288,5265,5243,5226,5204,5186,5169,5153,5139,5130,5112,5098,5072 
Wind - offshore (floating),Step Change,North West NSW,NNSW,NSW Medium,105.9%,8917,8598,8103,7631,7186,6772,6392,6044,5809,5683,5648,5607,5515,5431,5366,5343,5328,5301,5278,5246,5223,5201,5184,5163,5145,5128,5112,5098,5089,5071,5058,5031 
Wind - offshore (floating),Step Change,New England,NNSW,NSW Low,100.0%,8418,8117,7650,7204,6784,6393,6034,5706,5483,5365,5332,5293,5206,5127,5065,5044,5030,5004,4983,4952,4931,4910,4894,4874,4857,4841,4826,4813,4804,4787,4774,4750 
Wind - offshore (floating),Step Change,Central-West Orana,CNSW,NSW Medium,105.9%,8917,8598,8103,7631,7186,6772,6392,6044,5809,5683,5648,5607,5515,5431,5366,5343,5328,5301,5278,5246,5223,5201,5184,5163,5145,5128,5112,5098,5089,5071,5058,5031 
Wind - offshore (floating),Step Change,Broken Hill,SNSW,NSW High,111.1%,9354,9020,8500,8005,7538,7104,6705,6340,6093,5961,5924,5882,5785,5697,5629,5605,5589,5561,5537,5503,5479,5456,5438,5416,5397,5379,5362,5348,5339,5320,5305,5278 
Wind - offshore (floating),Step Change,South West NSW,SNSW,NSW High,111.1%,9354,9020,8500,8005,7538,7104,6705,6340,6093,5961,5924,5882,5785,5697,5629,5605,5589,5561,5537,5503,5479,5456,5438,5416,5397,5379,5362,5348,5339,5320,5305,5278 
Wind - offshore (floating),Step Change,Wagga Wagga,SNSW,NSW Medium,105.9%,8917,8598,8103,7631,7186,6772,6392,6044,5809,5683,5648,5607,5515,5431,5366,5343,5328,5301,5278,5246,5223,5201,5184,5163,5145,5128,5112,5098,5089,5071,5058,5031 
Wind - offshore (floating),Step Change,Tumut,SNSW,NSW Medium,105.9%,8917,8598,8103,7631,7186,6772,6392,6044,5809,5683,5648,5607,5515,5431,5366,5343,5328,5301,5278,5246,5223,5201,5184,5163,5145,5128,5112,5098,5089,5071,5058,5031 
Wind - offshore (floating),Step Change,Cooma-Monaro,SNSW,NSW Medium,105.9%,8917,8598,8103,7631,7186,6772,6392,6044,5809,5683,5648,5607,5515,5431,5366,5343,5328,5301,5278,5246,5223,5201,5184,5163,5145,5128,5112,5098,5089,5071,5058,5031 
Wind - offshore (floating),Step Change,Hunter-Central Coast,CNSW,NSW Low,100.0%,8418,8117,7650,7204,6784,6393,6034,5706,5483,5365,5332,5293,5206,5127,5065,5044,5030,5004,4983,4952,4931,4910,4894,4874,4857,4841,4826,4813,4804,4787,4774,4750 
Wind - offshore (floating),Step Change,Hunter Coast,SNW,NSW Low,100.0%,8418,8117,7650,7204,6784,6393,6034,5706,5483,5365,5332,5293,5206,5127,5065,5044,5030,5004,4983,4952,4931,4910,4894,4874,4857,4841,4826,4813,4804,4787,4774,4750 
Wind - offshore (floating),Step Change,Illawarra Coast,SNW,NSW Low,100.0%,8418,8117,7650,7204,6784,6393,6034,5706,5483,5365,5332,5293,5206,5127,5065,5044,5030,5004,4983,4952,4931,4910,4894,4874,4857,4841,4826,4813,4804,4787,4774,4750 
Wind - offshore (floating),Step Change,Illawarra,SNW,NSW Low,100.0%,8418,8117,7650,7204,6784,6393,6034,5706,5483,5365,5332,5293,5206,5127,5065,5044,5030,5004,4983,4952,4931,4910,4894,4874,4857,4841,4826,4813,4804,4787,4774,4750 
Wind - offshore (floating),Step Change,Ovens Murray,VIC,VIC Medium,102.3%,8613,8305,7827,7371,6941,6542,6174,5838,5611,5489,5455,5416,5327,5246,5183,5161,5147,5120,5099,5067,5045,5024,5008,4987,4969,4953,4938,4925,4916,4898,4885,4860 
Wind - offshore (floating),Step Change,Murray River,VIC,VIC Medium,102.3%,8613,8305,7827,7371,6941,6542,6174,5838,5611,5489,5455,5416,5327,5246,5183,5161,5147,5120,5099,5067,5045,5024,5008,4987,4969,4953,4938,4925,4916,4898,4885,4860 
Wind - offshore (floating),Step Change,Western Victoria,VIC,VIC Medium,102.3%,8613,8305,7827,7371,6941,6542,6174,5838,5611,5489,5455,5416,5327,5246,5183,5161,5147,5120,5099,5067,5045,5024,5008,4987,4969,4953,4938,4925,4916,4898,4885,4860 
Wind - offshore (floating),Step Change,South West Victoria,VIC,VIC Medium,102.3%,8613,8305,7827,7371,6941,6542,6174,5838,5611,5489,5455,5416,5327,5246,5183,5161,5147,5120,5099,5067,5045,5024,5008,4987,4969,4953,4938,4925,4916,4898,4885,4860 
Wind - offshore (floating),Step Change,Gippsland,VIC,VIC Low,100.0%,8418,8117,7650,7204,6784,6393,6034,5706,5483,5365,5332,5293,5206,5127,5065,5044,5030,5004,4983,4952,4931,4910,4894,4874,4857,4841,4826,4813,4804,4787,4774,4750 
Wind - offshore (floating),Step Change,Central North Vic,VIC,VIC High,103.6%,8722,8411,7927,7465,7029,6625,6252,5912,5682,5559,5525,5485,5395,5313,5249,5226,5212,5185,5163,5131,5109,5088,5071,5050,5033,5016,5000,4987,4978,4961,4947,4922 
Wind - offshore (floating),Step Change,Gippsland Coast,VIC,VIC Low,100.0%,8418,8117,7650,7204,6784,6393,6034,5706,5483,5365,5332,5293,5206,5127,5065,5044,5030,5004,4983,4952,4931,4910,4894,4874,4857,4841,4826,4813,4804,4787,4774,4750 
Wind - offshore (floating),Step Change,Portland Coast,VIC,VIC Low,100.0%,8418,8117,7650,7204,6784,6393,6034,5706,5483,5365,5332,5293,5206,5127,5065,5044,5030,5004,4983,4952,4931,4910,4894,4874,4857,4841,4826,4813,4804,4787,4774,4750 
Wind - offshore (floating),Step Change,Southern Ocean,VIC,VIC Low,100.0%,8418,8117,7650,7204,6784,6393,6034,5706,5483,5365,5332,5293,5206,5127,5065,5044,5030,5004,4983,4952,4931,4910,4894,4874,4857,4841,4826,4813,4804,4787,4774,4750 
Wind - offshore (floating),Step Change,South East SA,SESA,SA Low,100.0%,8418,8117,7650,7204,6784,6393,6034,5706,5483,5365,5332,5293,5206,5127,5065,5044,5030,5004,4983,4952,4931,4910,4894,4874,4857,4841,4826,4813,4804,4787,4774,4750 
Wind - offshore (floating),Step Change,Riverland,CSA,SA Low,100.0%,8418,8117,7650,7204,6784,6393,6034,5706,5483,5365,5332,5293,5206,5127,5065,5044,5030,5004,4983,4952,4931,4910,4894,4874,4857,4841,4826,4813,4804,4787,4774,4750 
Wind - offshore (floating),Step Change,Mid-North SA,CSA,SA Low,100.0%,8418,8117,7650,7204,6784,6393,6034,5706,5483,5365,5332,5293,5206,5127,5065,5044,5030,5004,4983,4952,4931,4910,4894,4874,4857,4841,4826,4813,4804,4787,4774,4750 
Wind - offshore (floating),Step Change,Yorke Peninsula,CSA,SA Low,100.0%,8418,8117,7650,7204,6784,6393,6034,5706,5483,5365,5332,5293,5206,5127,5065,5044,5030,5004,4983,4952,4931,4910,4894,4874,4857,4841,4826,4813,4804,4787,4774,4750 
Wind - offshore (floating),Step Change,Northern SA,CSA,SA Medium,106.5%,8961,8641,8144,7669,7222,6806,6424,6074,5838,5711,5676,5635,5543,5459,5392,5370,5355,5328,5305,5272,5249,5227,5210,5189,5171,5153,5137,5124,5115,5097,5083,5057 
Wind - offshore (floating),Step Change,Leigh Creek,CSA,SA Medium,106.5%,8961,8641,8144,7669,7222,6806,6424,6074,5838,5711,5676,5635,5543,5459,5392,5370,5355,5328,5305,5272,5249,5227,5210,5189,5171,5153,5137,5124,5115,5097,5083,5057 
Wind - offshore (floating),Step Change,Roxby Downs,CSA,SA Medium,106.5%,8961,8641,8144,7669,7222,6806,6424,6074,5838,5711,5676,5635,5543,5459,5392,5370,5355,5328,5305,5272,5249,5227,5210,5189,5171,5153,5137,5124,5115,5097,5083,5057 
Wind - offshore (floating),Step Change,Eastern Eyre Peninsula,CSA,SA Medium,106.5%,8961,8641,8144,7669,7222,6806,6424,6074,5838,5711,5676,5635,5543,5459,5392,5370,5355,5328,5305,5272,5249,5227,5210,5189,5171,5153,5137,5124,5115,5097,5083,5057 
Wind - offshore (floating),Step Change,Western Eyre Peninsula,CSA,SA Medium,106.5%,8961,8641,8144,7669,7222,6806,6424,6074,5838,5711,5676,5635,5543,5459,5392,5370,5355,5328,5305,5272,5249,5227,5210,5189,5171,5153,5137,5124,5115,5097,5083,5057 
Wind - offshore (floating),Step Change,South East SA Coast,SESA,SA Low,100.0%,8418,8117,7650,7204,6784,6393,6034,5706,5483,5365,5332,5293,5206,5127,5065,5044,5030,5004,4983,4952,4931,4910,4894,4874,4857,4841,4826,4813,4804,4787,4774,4750 
Wind - offshore (floating),Step Change,North East Tasmania Coast,TAS,TAS Low,100.0%,8418,8117,7650,7204,6784,6393,6034,5706,5483,5365,5332,5293,5206,5127,5065,5044,5030,5004,4983,4952,4931,4910,4894,4874,4857,4841,4826,4813,4804,4787,4774,4750 
Wind - offshore (floating),Step Change,North West Tasmania Coast,TAS,TAS Medium,105.8%,8905,8587,8093,7621,7176,6764,6383,6036,5801,5675,5640,5600,5508,5424,5359,5336,5321,5294,5271,5239,5216,5195,5178,5156,5138,5121,5105,5092,5083,5064,5051,5025 
Wind - offshore (floating),Step Change,Central Highlands,TAS,TAS Low,100.0%,8418,8117,7650,7204,6784,6393,6034,5706,5483,5365,5332,5293,5206,5127,5065,5044,5030,5004,4983,4952,4931,4910,4894,4874,4857,4841,4826,4813,4804,4787,4774,4750 
Wind - offshore (floating),Step Change,North Tasmania Coast,TAS,TAS Low,100.0%,8418,8117,7650,7204,6784,6393,6034,5706,5483,5365,5332,5293,5206,5127,5065,5044,5030,5004,4983,4952,4931,4910,4894,4874,4857,4841,4826,4813,4804,4787,4774,4750 
Pumped Hydro (8hrs storage),Step Change,-,NQ,QLD Low,101.0%,3389,3323,3259,3196,3132,3066,3000,2933,2867,2864,2860,2857,2853,2850,2847,2844,2840,2837,2834,2830,2825,2821,2817,2812,2808,2804,2799,2796,2792,2786,2782,2777 
Pumped Hydro (8hrs storage),Step Change,-,CQ,QLD Low,101.0%,3389,3323,3259,3196,3132,3066,3000,2933,2867,2864,2860,2857,2853,2850,2847,2844,2840,2837,2834,2830,2825,2821,2817,2812,2808,2804,2799,2796,2792,2786,2782,2777 
Pumped Hydro (8hrs storage),Step Change,-,SQ,QLD Low,111.4%,3738,3665,3595,3525,3454,3382,3309,3235,3163,3159,3154,3151,3147,3144,3140,3136,3133,3129,3126,3121,3116,3111,3107,3102,3097,3092,3088,3084,3079,3073,3069,3063 
Pumped Hydro (8hrs storage),Step Change,-,GG,QLD Low,0.0%,,,,,,,,,,,,,,,,,,,,,,,,,,,,,,,,
Pumped Hydro (8hrs storage),Step Change,-,NNSW,NSW Low,88.1%,2956,2899,2843,2788,2732,2674,2617,2559,2501,2498,2495,2492,2489,2486,2483,2480,2478,2475,2472,2468,2464,2461,2457,2453,2449,2446,2442,2439,2435,2430,2427,2422 
Pumped Hydro (8hrs storage),Step Change,-,CNSW,NSW Low,102.5%,3439,3372,3308,3243,3178,3112,3045,2977,2910,2907,2902,2899,2896,2892,2889,2886,2883,2879,2876,2872,2867,2863,2858,2854,2850,2845,2841,2838,2833,2828,2823,2818 
Pumped Hydro (8hrs storage),Step Change,-,SNSW,NSW Medium,104.4%,3503,3435,3369,3303,3237,3169,3101,3032,2964,2961,2956,2953,2949,2946,2943,2939,2936,2933,2929,2925,2920,2916,2911,2907,2903,2898,2894,2890,2886,2880,2876,2870 
Pumped Hydro (8hrs storage),Step Change,-,SNW,NSW Low,0.0%,,,,,,,,,,,,,,,,,,,,,,,,,,,,,,,,
Pumped Hydro (8hrs storage),Step Change,-,VIC,VIC Low,100.0%,3355,3290,3227,3164,3101,3036,2971,2904,2839,2836,2832,2828,2825,2822,2819,2815,2812,2809,2806,2802,2797,2793,2789,2784,2780,2776,2772,2768,2764,2759,2755,2749 
Pumped Hydro (8hrs storage),Step Change,-,CSA,SA Low,135.1%,4533,4445,4360,4275,4189,4101,4013,3924,3835,3831,3825,3821,3817,3812,3808,3804,3799,3795,3791,3785,3779,3773,3768,3762,3756,3750,3744,3740,3734,3727,3721,3714 
Pumped Hydro (8hrs storage),Step Change,-,SESA,SA Medium,0.0%,,,,,,,,,,,,,,,,,,,,,,,,,,,,,,,,
Pumped Hydro (8hrs storage),Step Change,-,TAS,TAS Low,74.8%,2510,2461,2414,2367,2320,2271,2222,2172,2124,2121,2118,2116,2113,2111,2108,2106,2104,2101,2099,2096,2092,2089,2086,2083,2080,2076,2073,2071,2068,2064,2060,2056 
OCGT (small GT),Step Change,-,NQ,QLD Low,100.0%,1603,1703,1647,1593,1542,1528,1522,1525,1488,1461,1442,1440,1438,1435,1433,1431,1429,1426,1424,1420,1416,1411,1407,1404,1400,1395,1391,1387,1385,1380,1377,1371 
OCGT (small GT),Step Change,-,CQ,QLD Low,100.0%,1603,1703,1647,1593,1542,1528,1522,1525,1488,1461,1442,1440,1438,1435,1433,1431,1429,1426,1424,1420,1416,1411,1407,1404,1400,1395,1391,1387,1385,1380,1377,1371 
OCGT (small GT),Step Change,-,SQ,QLD Low,100.0%,1603,1703,1647,1593,1542,1528,1522,1525,1488,1461,1442,1440,1438,1435,1433,1431,1429,1426,1424,1420,1416,1411,1407,1404,1400,1395,1391,1387,1385,1380,1377,1371 
OCGT (small GT),Step Change,-,GG,QLD Low,100.0%,1603,1703,1647,1593,1542,1528,1522,1525,1488,1461,1442,1440,1438,1435,1433,1431,1429,1426,1424,1420,1416,1411,1407,1404,1400,1395,1391,1387,1385,1380,1377,1371 
OCGT (small GT),Step Change,-,NNSW,NSW Low,100.0%,1603,1703,1647,1593,1542,1528,1522,1525,1488,1461,1442,1440,1438,1435,1433,1431,1429,1426,1424,1420,1416,1411,1407,1404,1400,1395,1391,1387,1385,1380,1377,1371 
OCGT (small GT),Step Change,-,CNSW,NSW Low,100.0%,1603,1703,1647,1593,1542,1528,1522,1525,1488,1461,1442,1440,1438,1435,1433,1431,1429,1426,1424,1420,1416,1411,1407,1404,1400,1395,1391,1387,1385,1380,1377,1371 
OCGT (small GT),Step Change,-,SNSW,NSW Medium,104.3%,1672,1777,1718,1662,1609,1594,1587,1591,1553,1524,1505,1503,1500,1497,1495,1493,1490,1488,1486,1481,1477,1472,1468,1465,1460,1456,1451,1447,1445,1440,1437,1430 
OCGT (small GT),Step Change,-,SNW,NSW Low,100.0%,1603,1703,1647,1593,1542,1528,1522,1525,1488,1461,1442,1440,1438,1435,1433,1431,1429,1426,1424,1420,1416,1411,1407,1404,1400,1395,1391,1387,1385,1380,1377,1371 
OCGT (small GT),Step Change,-,VIC,VIC Low,100.0%,1603,1703,1647,1593,1542,1528,1522,1525,1488,1461,1442,1440,1438,1435,1433,1431,1429,1426,1424,1420,1416,1411,1407,1404,1400,1395,1391,1387,1385,1380,1377,1371 
OCGT (small GT),Step Change,-,CSA,SA Low,100.0%,1603,1703,1647,1593,1542,1528,1522,1525,1488,1461,1442,1440,1438,1435,1433,1431,1429,1426,1424,1420,1416,1411,1407,1404,1400,1395,1391,1387,1385,1380,1377,1371 
OCGT (small GT),Step Change,-,SESA,SA Medium,102.1%,1636,1739,1681,1627,1574,1560,1553,1557,1520,1491,1473,1470,1468,1465,1463,1461,1458,1456,1454,1450,1445,1441,1437,1433,1429,1425,1420,1416,1414,1409,1406,1399 
OCGT (small GT),Step Change,-,TAS,TAS Low,100.0%,1603,1703,1647,1593,1542,1528,1522,1525,1488,1461,1442,1440,1438,1435,1433,1431,1429,1426,1424,1420,1416,1411,1407,1404,1400,1395,1391,1387,1385,1380,1377,1371 
OCGT (large GT),Step Change,-,NQ,QLD Low,101.0%,1018,1082,1040,1000,959,947,934,922,894,866,864,863,862,860,859,858,856,854,853,851,849,846,843,841,838,836,834,832,829,829,823,823 
OCGT (large GT),Step Change,-,CQ,QLD Low,101.0%,1018,1082,1040,1000,959,947,934,922,894,866,864,863,862,860,859,858,856,854,853,851,849,846,843,841,838,836,834,832,829,829,823,823 
OCGT (large GT),Step Change,-,SQ,QLD Low,101.0%,1018,1082,1040,1000,959,947,934,922,894,866,864,863,862,860,859,858,856,854,853,851,849,846,843,841,838,836,834,832,829,829,823,823 
OCGT (large GT),Step Change,-,GG,QLD Low,101.0%,1018,1082,1040,1000,959,947,934,922,894,866,864,863,862,860,859,858,856,854,853,851,849,846,843,841,838,836,834,832,829,829,823,823 
OCGT (large GT),Step Change,-,NNSW,NSW Low,101.0%,1018,1082,1040,1000,959,947,934,922,894,866,864,863,862,860,859,858,856,854,853,851,849,846,843,841,838,836,834,832,829,829,823,823 
OCGT (large GT),Step Change,-,CNSW,NSW Low,101.0%,1018,1082,1040,1000,959,947,934,922,894,866,864,863,862,860,859,858,856,854,853,851,849,846,843,841,838,836,834,832,829,829,823,823 
OCGT (large GT),Step Change,-,SNSW,NSW Medium,105.4%,1063,1129,1085,1044,1001,988,975,962,933,904,902,901,899,897,896,895,894,891,890,888,886,882,880,878,875,872,870,868,866,866,859,859 
OCGT (large GT),Step Change,-,SNW,NSW Low,101.0%,1018,1082,1040,1000,959,947,934,922,894,866,864,863,862,860,859,858,856,854,853,851,849,846,843,841,838,836,834,832,829,829,823,823 
OCGT (large GT),Step Change,-,VIC,VIC Low,101.0%,1018,1082,1040,1000,959,947,934,922,894,866,864,863,862,860,859,858,856,854,853,851,849,846,843,841,838,836,834,832,829,829,823,823 
OCGT (large GT),Step Change,-,CSA,SA Low,101.0%,1018,1082,1040,1000,959,947,934,922,894,866,864,863,862,860,859,858,856,854,853,851,849,846,843,841,838,836,834,832,829,829,823,823 
OCGT (large GT),Step Change,-,SESA,SA Medium,103.2%,1041,1106,1063,1022,980,968,955,943,914,885,883,882,881,879,878,877,875,873,872,870,868,864,862,860,857,854,852,850,848,848,841,841 
OCGT (large GT),Step Change,-,TAS,TAS Low,101.0%,1018,1082,1040,1000,959,947,934,922,894,866,864,863,862,860,859,858,856,854,853,851,849,846,843,841,838,836,834,832,829,829,823,823 
CCGT,Step Change,-,NQ,QLD Low,100.0%,1888,1824,1817,1811,1807,1807,1808,1810,1788,1765,1743,1741,1738,1734,1732,1729,1726,1724,1722,1716,1711,1707,1701,1696,1692,1686,1682,1677,1673,1668,1664,1656 
CCGT,Step Change,-,CQ,QLD Low,100.0%,1888,1824,1817,1811,1807,1807,1808,1810,1788,1765,1743,1741,1738,1734,1732,1729,1726,1724,1722,1716,1711,1707,1701,1696,1692,1686,1682,1677,1673,1668,1664,1656 
CCGT,Step Change,-,SQ,QLD Low,100.0%,1888,1824,1817,1811,1807,1807,1808,1810,1788,1765,1743,1741,1738,1734,1732,1729,1726,1724,1722,1716,1711,1707,1701,1696,1692,1686,1682,1677,1673,1668,1664,1656 
CCGT,Step Change,-,GG,QLD Low,100.0%,1888,1824,1817,1811,1807,1807,1808,1810,1788,1765,1743,1741,1738,1734,1732,1729,1726,1724,1722,1716,1711,1707,1701,1696,1692,1686,1682,1677,1673,1668,1664,1656 
CCGT,Step Change,-,NNSW,NSW Low,100.0%,1888,1824,1817,1811,1807,1807,1808,1810,1788,1765,1743,1741,1738,1734,1732,1729,1726,1724,1722,1716,1711,1707,1701,1696,1692,1686,1682,1677,1673,1668,1664,1656 
CCGT,Step Change,-,CNSW,NSW Low,100.0%,1888,1824,1817,1811,1807,1807,1808,1810,1788,1765,1743,1741,1738,1734,1732,1729,1726,1724,1722,1716,1711,1707,1701,1696,1692,1686,1682,1677,1673,1668,1664,1656 
CCGT,Step Change,-,SNSW,NSW Medium,104.3%,1970,1903,1895,1890,1885,1885,1886,1889,1865,1842,1818,1816,1813,1810,1807,1804,1801,1798,1796,1791,1785,1780,1775,1769,1765,1759,1755,1749,1746,1740,1736,1728 
CCGT,Step Change,-,SNW,NSW Low,100.0%,1888,1824,1817,1811,1807,1807,1808,1810,1788,1765,1743,1741,1738,1734,1732,1729,1726,1724,1722,1716,1711,1707,1701,1696,1692,1686,1682,1677,1673,1668,1664,1656 
CCGT,Step Change,-,VIC,VIC Low,100.0%,1888,1824,1817,1811,1807,1807,1808,1810,1788,1765,1743,1741,1738,1734,1732,1729,1726,1724,1722,1716,1711,1707,1701,1696,1692,1686,1682,1677,1673,1668,1664,1656 
CCGT,Step Change,-,CSA,SA Low,100.0%,1888,1824,1817,1811,1807,1807,1808,1810,1788,1765,1743,1741,1738,1734,1732,1729,1726,1724,1722,1716,1711,1707,1701,1696,1692,1686,1682,1677,1673,1668,1664,1656 
CCGT,Step Change,-,SESA,SA Medium,102.1%,1928,1862,1855,1849,1845,1845,1846,1848,1825,1802,1779,1777,1774,1771,1768,1765,1762,1760,1758,1752,1747,1742,1737,1731,1727,1722,1717,1712,1708,1703,1699,1691 
CCGT,Step Change,-,TAS,TAS Low,100.0%,1888,1824,1817,1811,1807,1807,1808,1810,1788,1765,1743,1741,1738,1734,1732,1729,1726,1724,1722,1716,1711,1707,1701,1696,1692,1686,1682,1677,1673,1668,1664,1656 
CCGT with CCS,Step Change,-,NQ,QLD Low,100.0%,4656,4641,4631,4629,4628,4614,4600,4587,4580,4576,4577,4577,4578,4330,4065,3794,3771,3765,3762,3754,3747,3739,3731,3692,3638,3492,3378,3265,3247,3226,3221,3210 
CCGT with CCS,Step Change,-,CQ,QLD Low,100.0%,4656,4641,4631,4629,4628,4614,4600,4587,4580,4576,4577,4577,4578,4330,4065,3794,3771,3765,3762,3754,3747,3739,3731,3692,3638,3492,3378,3265,3247,3226,3221,3210 
CCGT with CCS,Step Change,-,SQ,QLD Low,100.0%,4656,4641,4631,4629,4628,4614,4600,4587,4580,4576,4577,4577,4578,4330,4065,3794,3771,3765,3762,3754,3747,3739,3731,3692,3638,3492,3378,3265,3247,3226,3221,3210 
CCGT with CCS,Step Change,-,GG,QLD Low,100.0%,4656,4641,4631,4629,4628,4614,4600,4587,4580,4576,4577,4577,4578,4330,4065,3794,3771,3765,3762,3754,3747,3739,3731,3692,3638,3492,3378,3265,3247,3226,3221,3210 
CCGT with CCS,Step Change,-,NNSW,NSW Low,100.0%,4656,4641,4631,4629,4628,4614,4600,4587,4580,4576,4577,4577,4578,4330,4065,3794,3771,3765,3762,3754,3747,3739,3731,3692,3638,3492,3378,3265,3247,3226,3221,3210 
CCGT with CCS,Step Change,-,CNSW,NSW Low,100.0%,4656,4641,4631,4629,4628,4614,4600,4587,4580,4576,4577,4577,4578,4330,4065,3794,3771,3765,3762,3754,3747,3739,3731,3692,3638,3492,3378,3265,3247,3226,3221,3210 
CCGT with CCS,Step Change,-,SNSW,NSW Medium,104.3%,4856,4841,4831,4829,4827,4813,4798,4785,4777,4773,4774,4774,4775,4516,4241,3957,3934,3927,3924,3916,3908,3901,3892,3851,3795,3643,3524,3405,3387,3365,3360,3348 
CCGT with CCS,Step Change,-,SNW,NSW Low,100.0%,4656,4641,4631,4629,4628,4614,4600,4587,4580,4576,4577,4577,4578,4330,4065,3794,3771,3765,3762,3754,3747,3739,3731,3692,3638,3492,3378,3265,3247,3226,3221,3210 
CCGT with CCS,Step Change,-,VIC,VIC Low,100.0%,4656,4641,4631,4629,4628,4614,4600,4587,4580,4576,4577,4577,4578,4330,4065,3794,3771,3765,3762,3754,3747,3739,3731,3692,3638,3492,3378,3265,3247,3226,3221,3210 
CCGT with CCS,Step Change,-,CSA,SA Low,100.0%,4656,4641,4631,4629,4628,4614,4600,4587,4580,4576,4577,4577,4578,4330,4065,3794,3771,3765,3762,3754,3747,3739,3731,3692,3638,3492,3378,3265,3247,3226,3221,3210 
CCGT with CCS,Step Change,-,SESA,SA Medium,102.0%,4751,4735,4726,4723,4722,4708,4694,4681,4673,4669,4670,4670,4671,4418,4148,3871,3848,3842,3839,3831,3823,3816,3807,3768,3712,3564,3447,3331,3314,3292,3286,3276 
CCGT with CCS,Step Change,-,TAS,TAS Low,100.0%,4656,4641,4631,4629,4628,4614,4600,4587,4580,4576,4577,4577,4578,4330,4065,3794,3771,3765,3762,3754,3747,3739,3731,3692,3638,3492,3378,3265,3247,3226,3221,3210 
Biomass,Step Change,-,NQ,QLD Low,100.0%,8367,9267,9085,8918,8756,8570,8389,8211,8099,8051,8058,8065,8050,8036,8024,8035,8051,8058,8054,8039,8033,8037,8042,8046,8052,8056,8060,8066,8070,8070,8070,8070 
Biomass,Step Change,-,CQ,QLD Low,100.0%,8367,9267,9085,8918,8756,8570,8389,8211,8099,8051,8058,8065,8050,8036,8024,8035,8051,8058,8054,8039,8033,8037,8042,8046,8052,8056,8060,8066,8070,8070,8070,8070 
Biomass,Step Change,-,SQ,QLD Low,100.0%,8367,9267,9085,8918,8756,8570,8389,8211,8099,8051,8058,8065,8050,8036,8024,8035,8051,8058,8054,8039,8033,8037,8042,8046,8052,8056,8060,8066,8070,8070,8070,8070 
Biomass,Step Change,-,GG,QLD Low,100.0%,8367,9267,9085,8918,8756,8570,8389,8211,8099,8051,8058,8065,8050,8036,8024,8035,8051,8058,8054,8039,8033,8037,8042,8046,8052,8056,8060,8066,8070,8070,8070,8070 
Biomass,Step Change,-,NNSW,NSW Low,100.0%,8367,9267,9085,8918,8756,8570,8389,8211,8099,8051,8058,8065,8050,8036,8024,8035,8051,8058,8054,8039,8033,8037,8042,8046,8052,8056,8060,8066,8070,8070,8070,8070 
Biomass,Step Change,-,CNSW,NSW Low,100.0%,8367,9267,9085,8918,8756,8570,8389,8211,8099,8051,8058,8065,8050,8036,8024,8035,8051,8058,8054,8039,8033,8037,8042,8046,8052,8056,8060,8066,8070,8070,8070,8070 
Biomass,Step Change,-,SNSW,NSW Medium,104.8%,8766,9709,9518,9343,9174,8979,8789,8603,8485,8435,8443,8449,8434,8419,8407,8418,8435,8443,8438,8422,8416,8420,8426,8430,8436,8440,8445,8450,8455,8455,8455,8455 
Biomass,Step Change,-,SNW,NSW Low,100.0%,8367,9267,9085,8918,8756,8570,8389,8211,8099,8051,8058,8065,8050,8036,8024,8035,8051,8058,8054,8039,8033,8037,8042,8046,8052,8056,8060,8066,8070,8070,8070,8070 
Biomass,Step Change,-,VIC,VIC Low,100.0%,8367,9267,9085,8918,8756,8570,8389,8211,8099,8051,8058,8065,8050,8036,8024,8035,8051,8058,8054,8039,8033,8037,8042,8046,8052,8056,8060,8066,8070,8070,8070,8070 
Biomass,Step Change,-,CSA,SA Low,100.0%,8367,9267,9085,8918,8756,8570,8389,8211,8099,8051,8058,8065,8050,8036,8024,8035,8051,8058,8054,8039,8033,8037,8042,8046,8052,8056,8060,8066,8070,8070,8070,8070 
Biomass,Step Change,-,SESA,SA Medium,102.9%,8613,9539,9352,9180,9014,8822,8635,8453,8337,8287,8295,8302,8286,8272,8260,8271,8287,8295,8291,8275,8269,8273,8279,8283,8289,8293,8297,8303,8307,8307,8307,8307 
Biomass,Step Change,-,TAS,TAS Low,100.0%,8367,9267,9085,8918,8756,8570,8389,8211,8099,8051,8058,8065,8050,8036,8024,8035,8051,8058,8054,8039,8033,8037,8042,8046,8052,8056,8060,8066,8070,8070,8070,8070 
Battery Storage (1hr storage),Step Change,-,NQ,QLD Low,100.0%,996,1001,943,893,848,794,747,705,666,633,621,611,600,589,578,570,560,551,542,534,527,520,512,506,498,492,485,479,474,467,462,457 
Battery Storage (1hr storage),Step Change,-,CQ,QLD Low,100.0%,996,1001,943,893,848,794,747,705,666,633,621,611,600,589,578,570,560,551,542,534,527,520,512,506,498,492,485,479,474,467,462,457 
Battery Storage (1hr storage),Step Change,-,SQ,QLD Low,100.0%,996,1001,943,893,848,794,747,705,666,633,621,611,600,589,578,570,560,551,542,534,527,520,512,506,498,492,485,479,474,467,462,457 
Battery Storage (1hr storage),Step Change,-,GG,QLD Low,100.0%,996,1001,943,893,848,794,747,705,666,633,621,611,600,589,578,570,560,551,542,534,527,520,512,506,498,492,485,479,474,467,462,457 
Battery Storage (1hr storage),Step Change,-,NNSW,NSW Low,100.0%,996,1001,943,893,848,794,747,705,666,633,621,611,600,589,578,570,560,551,542,534,527,520,512,506,498,492,485,479,474,467,462,457 
Battery Storage (1hr storage),Step Change,-,CNSW,NSW Low,100.0%,996,1001,943,893,848,794,747,705,666,633,621,611,600,589,578,570,560,551,542,534,527,520,512,506,498,492,485,479,474,467,462,457 
Battery Storage (1hr storage),Step Change,-,SNSW,NSW Medium,104.4%,1039,1044,984,932,885,829,780,735,695,661,648,637,626,615,604,595,585,575,566,557,550,542,534,528,520,513,507,500,494,488,482,476 
Battery Storage (1hr storage),Step Change,-,SNW,NSW Low,100.0%,996,1001,943,893,848,794,747,705,666,633,621,611,600,589,578,570,560,551,542,534,527,520,512,506,498,492,485,479,474,467,462,457 
Battery Storage (1hr storage),Step Change,-,VIC,VIC Low,100.0%,996,1001,943,893,848,794,747,705,666,633,621,611,600,589,578,570,560,551,542,534,527,520,512,506,498,492,485,479,474,467,462,457 
Battery Storage (1hr storage),Step Change,-,CSA,SA Low,100.0%,996,1001,943,893,848,794,747,705,666,633,621,611,600,589,578,570,560,551,542,534,527,520,512,506,498,492,485,479,474,467,462,457 
Battery Storage (1hr storage),Step Change,-,SESA,SA Medium,102.7%,1022,1028,969,917,871,816,768,724,684,650,638,627,616,605,594,585,575,566,557,548,541,534,526,519,512,505,499,492,486,480,474,469 
Battery Storage (1hr storage),Step Change,-,TAS,TAS Low,100.0%,996,1001,943,893,848,794,747,705,666,633,621,611,600,589,578,570,560,551,542,534,527,520,512,506,498,492,485,479,474,467,462,457 
Battery Storage (2hrs storage),Step Change,-,NQ,QLD Low,100.0%,1439,1448,1330,1230,1138,1056,982,915,858,806,791,776,761,749,736,723,710,699,689,678,669,663,652,644,635,629,620,614,607,601,595,588 
Battery Storage (2hrs storage),Step Change,-,CQ,QLD Low,100.0%,1439,1448,1330,1230,1138,1056,982,915,858,806,791,776,761,749,736,723,710,699,689,678,669,663,652,644,635,629,620,614,607,601,595,588 
Battery Storage (2hrs storage),Step Change,-,SQ,QLD Low,100.0%,1439,1448,1330,1230,1138,1056,982,915,858,806,791,776,761,749,736,723,710,699,689,678,669,663,652,644,635,629,620,614,607,601,595,588 
Battery Storage (2hrs storage),Step Change,-,GG,QLD Low,100.0%,1439,1448,1330,1230,1138,1056,982,915,858,806,791,776,761,749,736,723,710,699,689,678,669,663,652,644,635,629,620,614,607,601,595,588 
Battery Storage (2hrs storage),Step Change,-,NNSW,NSW Low,100.0%,1439,1448,1330,1230,1138,1056,982,915,858,806,791,776,761,749,736,723,710,699,689,678,669,663,652,644,635,629,620,614,607,601,595,588 
Battery Storage (2hrs storage),Step Change,-,CNSW,NSW Low,100.0%,1439,1448,1330,1230,1138,1056,982,915,858,806,791,776,761,749,736,723,710,699,689,678,669,663,652,644,635,629,620,614,607,601,595,588 
Battery Storage (2hrs storage),Step Change,-,SNSW,NSW Medium,104.6%,1506,1515,1392,1286,1190,1105,1027,958,897,843,828,812,796,783,770,756,743,732,720,709,700,694,682,673,664,658,649,642,635,629,622,615 
Battery Storage (2hrs storage),Step Change,-,SNW,NSW Low,100.0%,1439,1448,1330,1230,1138,1056,982,915,858,806,791,776,761,749,736,723,710,699,689,678,669,663,652,644,635,629,620,614,607,601,595,588 
Battery Storage (2hrs storage),Step Change,-,VIC,VIC Low,100.0%,1439,1448,1330,1230,1138,1056,982,915,858,806,791,776,761,749,736,723,710,699,689,678,669,663,652,644,635,629,620,614,607,601,595,588 
Battery Storage (2hrs storage),Step Change,-,CSA,SA Low,100.0%,1439,1448,1330,1230,1138,1056,982,915,858,806,791,776,761,749,736,723,710,699,689,678,669,663,652,644,635,629,620,614,607,601,595,588 
Battery Storage (2hrs storage),Step Change,-,SESA,SA Medium,103.4%,1489,1497,1376,1272,1177,1093,1015,947,887,834,818,803,787,774,761,748,734,723,712,701,692,686,675,666,657,650,641,635,628,621,615,608 
Battery Storage (2hrs storage),Step Change,-,TAS,TAS Low,100.0%,1439,1448,1330,1230,1138,1056,982,915,858,806,791,776,761,749,736,723,710,699,689,678,669,663,652,644,635,629,620,614,607,601,595,588 
Battery Storage (4hrs storage),Step Change,-,NQ,QLD Low,100.0%,2335,2348,2130,1933,1762,1608,1484,1360,1253,1159,1133,1116,1095,1074,1052,1035,1018,1001,984,971,962,954,941,928,920,911,902,894,885,877,873,864 
Battery Storage (4hrs storage),Step Change,-,CQ,QLD Low,100.0%,2335,2348,2130,1933,1762,1608,1484,1360,1253,1159,1133,1116,1095,1074,1052,1035,1018,1001,984,971,962,954,941,928,920,911,902,894,885,877,873,864 
Battery Storage (4hrs storage),Step Change,-,SQ,QLD Low,100.0%,2335,2348,2130,1933,1762,1608,1484,1360,1253,1159,1133,1116,1095,1074,1052,1035,1018,1001,984,971,962,954,941,928,920,911,902,894,885,877,873,864 
Battery Storage (4hrs storage),Step Change,-,GG,QLD Low,100.0%,2335,2348,2130,1933,1762,1608,1484,1360,1253,1159,1133,1116,1095,1074,1052,1035,1018,1001,984,971,962,954,941,928,920,911,902,894,885,877,873,864 
Battery Storage (4hrs storage),Step Change,-,NNSW,NSW Low,100.0%,2335,2348,2130,1933,1762,1608,1484,1360,1253,1159,1133,1116,1095,1074,1052,1035,1018,1001,984,971,962,954,941,928,920,911,902,894,885,877,873,864 
Battery Storage (4hrs storage),Step Change,-,CNSW,NSW Low,100.0%,2335,2348,2130,1933,1762,1608,1484,1360,1253,1159,1133,1116,1095,1074,1052,1035,1018,1001,984,971,962,954,941,928,920,911,902,894,885,877,873,864 
Battery Storage (4hrs storage),Step Change,-,SNSW,NSW Medium,105.1%,2455,2469,2239,2032,1853,1691,1560,1430,1318,1219,1192,1174,1151,1129,1106,1088,1070,1052,1034,1021,1012,1003,989,976,967,958,949,940,931,922,917,908 
Battery Storage (4hrs storage),Step Change,-,SNW,NSW Low,100.0%,2335,2348,2130,1933,1762,1608,1484,1360,1253,1159,1133,1116,1095,1074,1052,1035,1018,1001,984,971,962,954,941,928,920,911,902,894,885,877,873,864 
Battery Storage (4hrs storage),Step Change,-,VIC,VIC Low,100.0%,2335,2348,2130,1933,1762,1608,1484,1360,1253,1159,1133,1116,1095,1074,1052,1035,1018,1001,984,971,962,954,941,928,920,911,902,894,885,877,873,864 
Battery Storage (4hrs storage),Step Change,-,CSA,SA Low,100.0%,2335,2348,2130,1933,1762,1608,1484,1360,1253,1159,1133,1116,1095,1074,1052,1035,1018,1001,984,971,962,954,941,928,920,911,902,894,885,877,873,864 
Battery Storage (4hrs storage),Step Change,-,SESA,SA Medium,104.9%,2449,2462,2234,2027,1848,1686,1556,1426,1314,1215,1189,1171,1148,1126,1103,1085,1067,1050,1032,1018,1009,1000,987,973,964,955,946,937,928,919,915,906 
Battery Storage (4hrs storage),Step Change,-,TAS,TAS Low,100.0%,2335,2348,2130,1933,1762,1608,1484,1360,1253,1159,1133,1116,1095,1074,1052,1035,1018,1001,984,971,962,954,941,928,920,911,902,894,885,877,873,864 
Battery Storage (8hrs storage),Step Change,-,NQ,QLD Low,99.0%,4107,4133,3709,3337,3006,2710,2515,2278,2066,1889,1846,1812,1778,1745,1711,1685,1651,1626,1601,1584,1567,1558,1533,1524,1507,1491,1482,1474,1457,1448,1440,1431 
Battery Storage (8hrs storage),Step Change,-,CQ,QLD Low,99.0%,4107,4133,3709,3337,3006,2710,2515,2278,2066,1889,1846,1812,1778,1745,1711,1685,1651,1626,1601,1584,1567,1558,1533,1524,1507,1491,1482,1474,1457,1448,1440,1431 
Battery Storage (8hrs storage),Step Change,-,SQ,QLD Low,99.0%,4107,4133,3709,3337,3006,2710,2515,2278,2066,1889,1846,1812,1778,1745,1711,1685,1651,1626,1601,1584,1567,1558,1533,1524,1507,1491,1482,1474,1457,1448,1440,1431 
Battery Storage (8hrs storage),Step Change,-,GG,QLD Low,99.0%,4107,4133,3709,3337,3006,2710,2515,2278,2066,1889,1846,1812,1778,1745,1711,1685,1651,1626,1601,1584,1567,1558,1533,1524,1507,1491,1482,1474,1457,1448,1440,1431 
Battery Storage (8hrs storage),Step Change,-,NNSW,NSW Low,99.0%,4107,4133,3709,3337,3006,2710,2515,2278,2066,1889,1846,1812,1778,1745,1711,1685,1651,1626,1601,1584,1567,1558,1533,1524,1507,1491,1482,1474,1457,1448,1440,1431 
Battery Storage (8hrs storage),Step Change,-,CNSW,NSW Low,99.0%,4107,4133,3709,3337,3006,2710,2515,2278,2066,1889,1846,1812,1778,1745,1711,1685,1651,1626,1601,1584,1567,1558,1533,1524,1507,1491,1482,1474,1457,1448,1440,1431 
Battery Storage (8hrs storage),Step Change,-,SNSW,NSW Medium,104.3%,4329,4356,3909,3517,3169,2856,2651,2401,2178,1990,1946,1910,1874,1839,1803,1776,1741,1714,1687,1669,1651,1642,1616,1607,1589,1571,1562,1553,1535,1526,1517,1508 
Battery Storage (8hrs storage),Step Change,-,SNW,NSW Low,99.0%,4107,4133,3709,3337,3006,2710,2515,2278,2066,1889,1846,1812,1778,1745,1711,1685,1651,1626,1601,1584,1567,1558,1533,1524,1507,1491,1482,1474,1457,1448,1440,1431 
Battery Storage (8hrs storage),Step Change,-,VIC,VIC Low,99.0%,4107,4133,3709,3337,3006,2710,2515,2278,2066,1889,1846,1812,1778,1745,1711,1685,1651,1626,1601,1584,1567,1558,1533,1524,1507,1491,1482,1474,1457,1448,1440,1431 
Battery Storage (8hrs storage),Step Change,-,CSA,SA Low,99.0%,4107,4133,3709,3337,3006,2710,2515,2278,2066,1889,1846,1812,1778,1745,1711,1685,1651,1626,1601,1584,1567,1558,1533,1524,1507,1491,1482,1474,1457,1448,1440,1431 
Battery Storage (8hrs storage),Step Change,-,SESA,SA Medium,104.5%,4337,4364,3917,3523,3174,2861,2656,2405,2182,1994,1949,1914,1878,1842,1806,1779,1744,1717,1690,1672,1654,1645,1618,1610,1592,1574,1565,1556,1538,1529,1520,1511 
Battery Storage (8hrs storage),Step Change,-,TAS,TAS Low,99.0%,4107,4133,3709,3337,3006,2710,2515,2278,2066,1889,1846,1812,1778,1745,1711,1685,1651,1626,1601,1584,1567,1558,1533,1524,1507,1491,1482,1474,1457,1448,1440,1431 
Hydrogen reciprocating engines,Step Change,-,NQ,QLD Low,100.0%,2607,2288,2281,2277,2273,2263,2253,2242,2234,2228,2224,2221,2217,2213,2209,2206,2203,2200,2196,2190,2184,2177,2171,2164,2158,2151,2145,2140,2135,2128,2123,2113 
Hydrogen reciprocating engines,Step Change,-,CQ,QLD Low,100.0%,2607,2288,2281,2277,2273,2263,2253,2242,2234,2228,2224,2221,2217,2213,2209,2206,2203,2200,2196,2190,2184,2177,2171,2164,2158,2151,2145,2140,2135,2128,2123,2113 
Hydrogen reciprocating engines,Step Change,-,SQ,QLD Low,100.0%,2607,2288,2281,2277,2273,2263,2253,2242,2234,2228,2224,2221,2217,2213,2209,2206,2203,2200,2196,2190,2184,2177,2171,2164,2158,2151,2145,2140,2135,2128,2123,2113 
Hydrogen reciprocating engines,Step Change,-,GG,QLD Low,100.0%,2607,2288,2281,2277,2273,2263,2253,2242,2234,2228,2224,2221,2217,2213,2209,2206,2203,2200,2196,2190,2184,2177,2171,2164,2158,2151,2145,2140,2135,2128,2123,2113 
Hydrogen reciprocating engines,Step Change,-,NNSW,NSW Low,100.0%,2607,2288,2281,2277,2273,2263,2253,2242,2234,2228,2224,2221,2217,2213,2209,2206,2203,2200,2196,2190,2184,2177,2171,2164,2158,2151,2145,2140,2135,2128,2123,2113 
Hydrogen reciprocating engines,Step Change,-,CNSW,NSW Low,100.0%,2607,2288,2281,2277,2273,2263,2253,2242,2234,2228,2224,2221,2217,2213,2209,2206,2203,2200,2196,2190,2184,2177,2171,2164,2158,2151,2145,2140,2135,2128,2123,2113 
Hydrogen reciprocating engines,Step Change,-,SNSW,NSW Medium,104.8%,2731,2397,2390,2385,2382,2371,2360,2349,2340,2335,2330,2327,2322,2319,2315,2311,2308,2304,2301,2294,2288,2281,2274,2267,2261,2254,2247,2242,2237,2229,2224,2214 
Hydrogen reciprocating engines,Step Change,-,SNW,NSW Low,100.0%,2607,2288,2281,2277,2273,2263,2253,2242,2234,2228,2224,2221,2217,2213,2209,2206,2203,2200,2196,2190,2184,2177,2171,2164,2158,2151,2145,2140,2135,2128,2123,2113 
Hydrogen reciprocating engines,Step Change,-,VIC,VIC Low,100.0%,2607,2288,2281,2277,2273,2263,2253,2242,2234,2228,2224,2221,2217,2213,2209,2206,2203,2200,2196,2190,2184,2177,2171,2164,2158,2151,2145,2140,2135,2128,2123,2113 
Hydrogen reciprocating engines,Step Change,-,CSA,SA Low,100.0%,2607,2288,2281,2277,2273,2263,2253,2242,2234,2228,2224,2221,2217,2213,2209,2206,2203,2200,2196,2190,2184,2177,2171,2164,2158,2151,2145,2140,2135,2128,2123,2113 
Hydrogen reciprocating engines,Step Change,-,SESA,SA Medium,102.9%,2684,2356,2348,2343,2340,2329,2319,2308,2299,2294,2290,2286,2282,2279,2274,2271,2268,2264,2261,2254,2248,2241,2234,2228,2221,2215,2208,2203,2198,2190,2185,2175 
Hydrogen reciprocating engines,Step Change,-,TAS,TAS Low,100.0%,2607,2288,2281,2277,2273,2263,2253,2242,2234,2228,2224,2221,2217,2213,2209,2206,2203,2200,2196,2190,2184,2177,2171,2164,2158,2151,2145,2140,2135,2128,2123,2113 
Pumped Hydro (8hrs storage),Step Change,-,NQ,QLD Low,101.0%,3389,3323,3259,3196,3132,3066,3000,2933,2867,2864,2860,2857,2853,2850,2847,2844,2840,2837,2834,2830,2825,2821,2817,2812,2808,2804,2799,2796,2792,2786,2782,2777 
Pumped Hydro (8hrs storage),Step Change,-,CQ,QLD Low,101.0%,3389,3323,3259,3196,3132,3066,3000,2933,2867,2864,2860,2857,2853,2850,2847,2844,2840,2837,2834,2830,2825,2821,2817,2812,2808,2804,2799,2796,2792,2786,2782,2777 
Pumped Hydro (8hrs storage),Step Change,-,SQ,QLD Low,111.4%,3738,3665,3595,3525,3454,3382,3309,3235,3163,3159,3154,3151,3147,3144,3140,3136,3133,3129,3126,3121,3116,3111,3107,3102,3097,3092,3088,3084,3079,3073,3069,3063 
Pumped Hydro (8hrs storage),Step Change,-,GG,QLD Low,0.0%,,,,,,,,,,,,,,,,,,,,,,,,,,,,,,,,
Pumped Hydro (8hrs storage),Step Change,-,NNSW,NSW Low,88.1%,2956,2899,2843,2788,2732,2674,2617,2559,2501,2498,2495,2492,2489,2486,2483,2480,2478,2475,2472,2468,2464,2461,2457,2453,2449,2446,2442,2439,2435,2430,2427,2422 
Pumped Hydro (8hrs storage),Step Change,-,CNSW,NSW Low,102.5%,3439,3372,3308,3243,3178,3112,3045,2977,2910,2907,2902,2899,2896,2892,2889,2886,2883,2879,2876,2872,2867,2863,2858,2854,2850,2845,2841,2838,2833,2828,2823,2818 
Pumped Hydro (8hrs storage),Step Change,-,SNSW,NSW Medium,104.4%,3503,3435,3369,3303,3237,3169,3101,3032,2964,2961,2956,2953,2949,2946,2943,2939,2936,2933,2929,2925,2920,2916,2911,2907,2903,2898,2894,2890,2886,2880,2876,2870 
Pumped Hydro (8hrs storage),Step Change,-,SNW,NSW Low,0.0%,,,,,,,,,,,,,,,,,,,,,,,,,,,,,,,,
Pumped Hydro (8hrs storage),Step Change,-,VIC,VIC Low,100.0%,3355,3290,3227,3164,3101,3036,2971,2904,2839,2836,2832,2828,2825,2822,2819,2815,2812,2809,2806,2802,2797,2793,2789,2784,2780,2776,2772,2768,2764,2759,2755,2749 
Pumped Hydro (8hrs storage),Step Change,-,CSA,SA Low,135.1%,4533,4445,4360,4275,4189,4101,4013,3924,3835,3831,3825,3821,3817,3812,3808,3804,3799,3795,3791,3785,3779,3773,3768,3762,3756,3750,3744,3740,3734,3727,3721,3714 
Pumped Hydro (8hrs storage),Step Change,-,SESA,SA Medium,0.0%,,,,,,,,,,,,,,,,,,,,,,,,,,,,,,,,
Pumped Hydro (8hrs storage),Step Change,-,TAS,TAS Low,74.8%,2510,2461,2414,2367,2320,2271,2222,2172,2124,2121,2118,2116,2113,2111,2108,2106,2104,2101,2099,2096,2092,2089,2086,2083,2080,2076,2073,2071,2068,2064,2060,2056 
Pumped Hydro (24hrs storage),Step Change,-,NQ,QLD Low,88.0%,4144,4064,3985,3907,3830,3749,3668,3587,3506,3501,3498,3493,3489,3485,3481,3477,3473,3469,3466,3460,3455,3450,3444,3439,3434,3429,3423,3419,3413,3407,3402,3396 
Pumped Hydro (24hrs storage),Step Change,-,CQ,QLD Low,88.0%,4144,4064,3985,3907,3830,3749,3668,3587,3506,3501,3498,3493,3489,3485,3481,3477,3473,3469,3466,3460,3455,3450,3444,3439,3434,3429,3423,3419,3413,3407,3402,3396 
Pumped Hydro (24hrs storage),Step Change,-,SQ,QLD Low,96.4%,4540,4452,4365,4280,4195,4107,4018,3929,3841,3836,3832,3826,3822,3818,3813,3809,3805,3801,3796,3790,3785,3779,3773,3768,3761,3756,3750,3745,3739,3733,3726,3720 
Pumped Hydro (24hrs storage),Step Change,-,GG,QLD Low,0.0%,,,,,,,,,,,,,,,,,,,,,,,,,,,,,,,,
Pumped Hydro (24hrs storage),Step Change,-,NNSW,NSW Low,82.2%,3871,3796,3722,3649,3577,3502,3426,3351,3275,3271,3267,3263,3259,3256,3251,3248,3244,3241,3237,3232,3228,3222,3217,3213,3207,3203,3198,3193,3188,3183,3177,3172 
Pumped Hydro (24hrs storage),Step Change,-,CNSW,NSW Low,108.0%,5086,4988,4891,4795,4700,4601,4502,4402,4303,4297,4293,4287,4282,4278,4272,4267,4263,4258,4253,4246,4241,4234,4227,4221,4214,4208,4201,4196,4189,4182,4175,4168 
Pumped Hydro (24hrs storage),Step Change,-,SNSW,NSW Medium,100.4%,4728,4637,4547,4457,4369,4277,4185,4092,4000,3995,3990,3985,3981,3977,3971,3967,3963,3958,3954,3948,3942,3936,3929,3924,3917,3912,3906,3900,3894,3887,3881,3875 
Pumped Hydro (24hrs storage),Step Change,-,SNW,NSW Low,0.0%,,,,,,,,,,,,,,,,,,,,,,,,,,,,,,,,
Pumped Hydro (24hrs storage),Step Change,-,VIC,VIC Low,100.0%,4709,4618,4528,4440,4352,4260,4168,4076,3984,3979,3975,3969,3965,3961,3955,3951,3947,3943,3938,3932,3926,3920,3914,3908,3902,3897,3890,3885,3878,3872,3866,3859 
Pumped Hydro (24hrs storage),Step Change,-,CSA,SA Low,166.7%,7850,7699,7549,7401,7255,7102,6948,6795,6642,6633,6626,6617,6610,6602,6594,6586,6579,6572,6565,6554,6545,6535,6524,6515,6504,6496,6485,6476,6465,6455,6444,6433 
Pumped Hydro (24hrs storage),Step Change,-,SESA,SA Medium,0.0%,,,,,,,,,,,,,,,,,,,,,,,,,,,,,,,,
Pumped Hydro (24hrs storage),Step Change,-,TAS,TAS Low,61.8%,2910,2854,2799,2744,2690,2633,2576,2519,2462,2459,2456,2453,2450,2448,2444,2442,2439,2436,2434,2430,2427,2423,2419,2415,2411,2408,2404,2401,2397,2393,2389,2385 
Pumped Hydro (48hrs storage),Step Change,-,NQ,QLD Low,86.4%,6112,5994,5877,5763,5649,5529,5410,5290,5171,5164,5158,5152,5146,5140,5134,5128,5123,5117,5111,5103,5096,5088,5080,5072,5065,5057,5049,5042,5034,5026,5017,5008 
Pumped Hydro (48hrs storage),Step Change,-,CQ,QLD Low,86.4%,6112,5994,5877,5763,5649,5529,5410,5290,5171,5164,5158,5152,5146,5140,5134,5128,5123,5117,5111,5103,5096,5088,5080,5072,5065,5057,5049,5042,5034,5026,5017,5008 
Pumped Hydro (48hrs storage),Step Change,-,SQ,QLD Low,87.6%,6197,6077,5958,5843,5727,5606,5485,5364,5243,5236,5230,5224,5217,5212,5205,5200,5194,5188,5182,5174,5167,5158,5151,5143,5135,5128,5119,5112,5104,5096,5086,5078 
Pumped Hydro (48hrs storage),Step Change,-,GG,QLD Low,0.0%,,,,,,,,,,,,,,,,,,,,,,,,,,,,,,,,
Pumped Hydro (48hrs storage),Step Change,-,NNSW,NSW Low,62.4%,4414,4329,4244,4162,4080,3993,3907,3821,3735,3730,3725,3721,3717,3713,3708,3704,3700,3696,3691,3686,3681,3675,3669,3663,3658,3652,3646,3641,3636,3630,3623,3617 
Pumped Hydro (48hrs storage),Step Change,-,CNSW,NSW Low,112.1%,7931,7777,7625,7477,7329,7174,7020,6864,6709,6701,6692,6685,6677,6669,6661,6654,6647,6640,6631,6622,6612,6601,6592,6581,6571,6562,6551,6541,6532,6521,6509,6498 
Pumped Hydro (48hrs storage),Step Change,-,SNSW,NSW Medium,91.1%,6445,6320,6196,6077,5956,5830,5705,5578,5452,5445,5439,5433,5426,5420,5413,5407,5402,5396,5389,5381,5373,5365,5357,5348,5340,5332,5324,5316,5308,5299,5290,5281 
Pumped Hydro (48hrs storage),Step Change,-,SNW,NSW Low,0.0%,,,,,,,,,,,,,,,,,,,,,,,,,,,,,,,,
Pumped Hydro (48hrs storage),Step Change,-,VIC,VIC Low,100.0%,7074,6938,6802,6670,6538,6400,6262,6123,5985,5977,5970,5963,5956,5950,5942,5936,5929,5923,5915,5907,5898,5889,5880,5870,5862,5853,5844,5835,5827,5817,5806,5797 
Pumped Hydro (48hrs storage),Step Change,-,CSA,SA Low,0.0%,,,,,,,,,,,,,,,,,,,,,,,,,,,,,,,,
Pumped Hydro (48hrs storage),Step Change,-,SESA,SA Medium,0.0%,,,,,,,,,,,,,,,,,,,,,,,,,,,,,,,,
Pumped Hydro (48hrs storage),Step Change,-,TAS,TAS Low,46.4%,3283,3219,3156,3095,3033,2969,2905,2841,2777,2774,2770,2767,2764,2761,2757,2754,2751,2748,2745,2741,2737,2732,2728,2724,2720,2716,2711,2708,2704,2699,2694,2690 